budget,mode,init_name,init_sigma,tolerance,gap_bin,n_seeds,mean_success_percent,seed_sd_success_percent,mean_nearopt_order_success_percent
10000,single,exact,0,0.02,ALL,1,65.5,,65.5
10000,single,exact,0,0.02,<1%,1,17.796610169491526,,17.796610169491526
10000,single,exact,0,0.02,1-<5%,1,51.076923076923073,,51.076923076923073
10000,single,exact,0,0.02,5-<10%,1,80.459770114942529,,80.459770114942529
10000,single,exact,0,0.02,>=10%,1,87.162162162162161,,87.162162162162161
10000,single,exact,0,0.050000000000000003,ALL,1,84.599999999999994,,84.599999999999994
10000,single,exact,0,0.050000000000000003,<1%,1,46.610169491525419,,46.610169491525419
10000,single,exact,0,0.050000000000000003,1-<5%,1,75.384615384615387,,75.384615384615387
10000,single,exact,0,0.050000000000000003,5-<10%,1,96.934865900383144,,96.934865900383144
10000,single,exact,0,0.050000000000000003,>=10%,1,98.986486486486484,,98.986486486486484
10000,single,gaussian_matched,0.050000000000000003,0.02,ALL,1,28.096874999999997,,28.09375
10000,single,gaussian_matched,0.050000000000000003,0.02,<1%,1,7.2563559322033901,,7.2563559322033901
10000,single,gaussian_matched,0.050000000000000003,0.02,1-<5%,1,20.048076923076923,,20.048076923076923
10000,single,gaussian_matched,0.050000000000000003,0.02,5-<10%,1,34.14750957854406,,34.13553639846743
10000,single,gaussian_matched,0.050000000000000003,0.02,>=10%,1,39.907094594594597,,39.907094594594597
10000,single,gaussian_matched,0.050000000000000003,0.050000000000000003,ALL,1,74.059375000000003,,74.043750000000003
10000,single,gaussian_matched,0.050000000000000003,0.050000000000000003,<1%,1,36.122881355932201,,36.122881355932201
10000,single,gaussian_matched,0.050000000000000003,0.050000000000000003,1-<5%,1,63.644230769230766,,63.644230769230766
10000,single,gaussian_matched,0.050000000000000003,0.050000000000000003,5-<10%,1,85.632183908045974,,85.572318007662844
10000,single,gaussian_matched,0.050000000000000003,0.050000000000000003,>=10%,1,90.413851351351354,,90.413851351351354
10000,multi,exact,0,0.02,ALL,1,53.800000000000004,,53.800000000000004
10000,multi,exact,0,0.02,<1%,1,4.2372881355932197,,4.2372881355932197
10000,multi,exact,0,0.02,1-<5%,1,25.846153846153847,,25.846153846153847
10000,multi,exact,0,0.02,5-<10%,1,68.582375478927204,,68.582375478927204
10000,multi,exact,0,0.02,>=10%,1,91.21621621621621,,91.21621621621621
10000,multi,exact,0,0.050000000000000003,ALL,1,70.099999999999994,,70.099999999999994
10000,multi,exact,0,0.050000000000000003,<1%,1,20.33898305084746,,20.33898305084746
10000,multi,exact,0,0.050000000000000003,1-<5%,1,50.769230769230766,,50.769230769230766
10000,multi,exact,0,0.050000000000000003,5-<10%,1,84.674329501915707,,84.674329501915707
10000,multi,exact,0,0.050000000000000003,>=10%,1,98.310810810810807,,98.310810810810807
10000,multi,gaussian_matched,0.050000000000000003,0.02,ALL,1,20.643750000000001,,20.628125000000001
10000,multi,gaussian_matched,0.050000000000000003,0.02,<1%,1,2.7277542372881358,,2.7277542372881358
10000,multi,gaussian_matched,0.050000000000000003,0.02,1-<5%,1,7.4807692307692308,,7.4807692307692308
10000,multi,gaussian_matched,0.050000000000000003,0.02,5-<10%,1,24.832375478927204,,24.77250957854406
10000,multi,gaussian_matched,0.050000000000000003,0.02,>=10%,1,38.545185810810814,,38.545185810810814
10000,multi,gaussian_matched,0.050000000000000003,0.050000000000000003,ALL,1,51.759374999999999,,51.693750000000009
10000,multi,gaussian_matched,0.050000000000000003,0.050000000000000003,<1%,1,13.082627118644069,,13.082627118644069
10000,multi,gaussian_matched,0.050000000000000003,0.050000000000000003,1-<5%,1,28.51923076923077,,28.499999999999996
10000,multi,gaussian_matched,0.050000000000000003,0.050000000000000003,5-<10%,1,60.081417624521073,,59.865900383141771
10000,multi,gaussian_matched,0.050000000000000003,0.050000000000000003,>=10%,1,85.35684121621621,,85.34628378378379
