comparison,budget,seed,mode,init_name,tolerance,gap_bin,n_layouts,delta_success_pp,random_success_percent_on_exact_failures,random_failure_percent_on_exact_successes,exact_failure_layouts_with_any_random_success,n_paired_draws,rescued_draws,regressed_draws
noise_minus_exact,10000,0,single,gaussian_matched,0.02,ALL,1000,-37.403124999999996,5.1630434782608692,59.823473282442748,138,,,
noise_minus_exact,10000,0,single,gaussian_matched,0.02,<1%,118,-10.540254237288135,2.7706185567010309,72.023809523809518,24,,,
noise_minus_exact,10000,0,single,gaussian_matched,0.02,1-<5%,325,-31.02884615384615,3.341194968553459,63.94954819277109,49,,,
noise_minus_exact,10000,0,single,gaussian_matched,0.02,5-<10%,261,-46.312260536398469,11.090686274509803,60.25297619047619,37,,,
noise_minus_exact,10000,0,single,gaussian_matched,0.02,>=10%,296,-47.255067567567565,10.9375,55.826065891472865,28,,,
noise_minus_exact,10000,0,single,gaussian_matched,0.050000000000000003,ALL,1000,-10.540625,9.8620129870129869,14.254580378250592,83,,,
noise_minus_exact,10000,0,single,gaussian_matched,0.050000000000000003,<1%,118,-10.48728813559322,7.4404761904761907,31.022727272727273,31,,,
noise_minus_exact,10000,0,single,gaussian_matched,0.050000000000000003,1-<5%,325,-11.740384615384615,10.15625,18.89030612244898,44,,,
noise_minus_exact,10000,0,single,gaussian_matched,0.050000000000000003,5-<10%,261,-11.302681992337165,21.09375,12.327075098814229,6,,,
noise_minus_exact,10000,0,single,gaussian_matched,0.050000000000000003,>=10%,296,-8.5726351351351351,22.916666666666664,8.8950511945392492,2,,,
noise_minus_exact,10000,0,multi,gaussian_matched,0.02,ALL,1000,-33.15625,4.0854978354978355,65.137081784386623,171,,,
noise_minus_exact,10000,0,multi,gaussian_matched,0.02,<1%,118,-1.5095338983050848,2.1294247787610616,83.75,21,,,
noise_minus_exact,10000,0,multi,gaussian_matched,0.02,1-<5%,325,-18.365384615384617,3.0990663900414939,79.947916666666657,81,,,
noise_minus_exact,10000,0,multi,gaussian_matched,0.02,5-<10%,261,-43.75,7.2789634146341458,67.12639664804469,52,,,
noise_minus_exact,10000,0,multi,gaussian_matched,0.02,>=10%,296,-52.671030405405403,11.658653846153847,58.865740740740748,17,,,
noise_minus_exact,10000,0,multi,gaussian_matched,0.050000000000000003,ALL,1000,-18.340624999999999,10.597826086956522,30.683844507845937,193,,,
noise_minus_exact,10000,0,multi,gaussian_matched,0.050000000000000003,<1%,118,-7.2563559322033901,7.1143617021276597,63.541666666666664,48,,,
noise_minus_exact,10000,0,multi,gaussian_matched,0.050000000000000003,1-<5%,325,-22.25,11.19140625,54.678030303030297,109,,,
noise_minus_exact,10000,0,multi,gaussian_matched,0.050000000000000003,5-<10%,261,-24.592911877394634,15.546874999999998,31.858031674208142,33,,,
noise_minus_exact,10000,0,multi,gaussian_matched,0.050000000000000003,>=10%,296,-12.953969594594595,17.5,13.477233676975944,3,,,
multi_minus_single,10000,0,paired,exact,0.02,ALL,1000,-11.700000000000001,,,,1000,69,186
multi_minus_single,10000,0,paired,exact,0.02,<1%,118,-13.559322033898304,,,,118,4,20
multi_minus_single,10000,0,paired,exact,0.02,1-<5%,325,-25.23076923076923,,,,325,23,105
multi_minus_single,10000,0,paired,exact,0.02,5-<10%,261,-11.877394636015326,,,,261,17,48
multi_minus_single,10000,0,paired,exact,0.02,>=10%,296,4.0540540540540544,,,,296,25,13
multi_minus_single,10000,0,paired,exact,0.050000000000000003,ALL,1000,-14.499999999999998,,,,1000,36,181
multi_minus_single,10000,0,paired,exact,0.050000000000000003,<1%,118,-26.271186440677969,,,,118,8,39
multi_minus_single,10000,0,paired,exact,0.050000000000000003,1-<5%,325,-24.615384615384617,,,,325,23,103
multi_minus_single,10000,0,paired,exact,0.050000000000000003,5-<10%,261,-12.260536398467432,,,,261,3,35
multi_minus_single,10000,0,paired,exact,0.050000000000000003,>=10%,296,-0.67567567567567566,,,,296,2,4
multi_minus_single,10000,0,paired,gaussian_matched,0.02,ALL,1000,-7.4531249999999991,,,,32000,1743,4128
multi_minus_single,10000,0,paired,gaussian_matched,0.02,<1%,118,-4.5286016949152543,,,,3776,78,249
multi_minus_single,10000,0,paired,gaussian_matched,0.02,1-<5%,325,-12.567307692307692,,,,10400,317,1624
multi_minus_single,10000,0,paired,gaussian_matched,0.02,5-<10%,261,-9.3151340996168575,,,,8352,499,1277
multi_minus_single,10000,0,paired,gaussian_matched,0.02,>=10%,296,-1.3619087837837838,,,,9472,849,978
multi_minus_single,10000,0,paired,gaussian_matched,0.050000000000000003,ALL,1000,-22.300000000000001,,,,32000,1063,8199
multi_minus_single,10000,0,paired,gaussian_matched,0.050000000000000003,<1%,118,-23.040254237288135,,,,3776,201,1071
multi_minus_single,10000,0,paired,gaussian_matched,0.050000000000000003,1-<5%,325,-35.125,,,,10400,489,4142
multi_minus_single,10000,0,paired,gaussian_matched,0.050000000000000003,5-<10%,261,-25.550766283524908,,,,8352,151,2285
multi_minus_single,10000,0,paired,gaussian_matched,0.050000000000000003,>=10%,296,-5.0570101351351351,,,,9472,222,701
