budget,seed,mode,init_name,init_sigma,tolerance,gap_bin,n_layouts,draws_per_layout,total_draws,n_success,mean_success_percent,any_success_percent,nearopt_order_success_percent,numeric_failure_count,mean_visited,mean_initial_offset,mean_n_valid_orders,n_layouts_with_multiple_available_nearopt_orders,layouts_with_2plus_nearopt_orders_percent,mean_success_with_connector_percent
10000,0,single,exact,0,0.02,ALL,1000,1,1000,655,65.5,65.5,65.5,0,3.4340000000000002,0,0.65500000000000003,443,0,65.5
10000,0,single,exact,0,0.02,<1%,118,1,118,21,17.796610169491526,17.796610169491526,17.796610169491526,0,2.5084745762711864,0,0.17796610169491525,118,0,17.796610169491526
10000,0,single,exact,0,0.02,1-<5%,325,1,325,166,51.076923076923073,51.076923076923073,51.076923076923073,0,3.1938461538461538,0,0.51076923076923075,325,0,51.076923076923073
10000,0,single,exact,0,0.02,5-<10%,261,1,261,210,80.459770114942529,80.459770114942529,80.459770114942529,0,3.7279693486590038,0,0.8045977011494253,0,,80.459770114942529
10000,0,single,exact,0,0.02,>=10%,296,1,296,258,87.162162162162161,87.162162162162161,87.162162162162161,0,3.8074324324324325,0,0.8716216216216216,0,,87.162162162162161
10000,0,single,exact,0,0.050000000000000003,ALL,1000,1,1000,846,84.599999999999994,84.599999999999994,84.599999999999994,0,3.7999999999999998,0,0.84599999999999997,443,0,84.599999999999994
10000,0,single,exact,0,0.050000000000000003,<1%,118,1,118,55,46.610169491525419,46.610169491525419,46.610169491525419,0,3.2796610169491527,0,0.46610169491525422,118,0,46.610169491525419
10000,0,single,exact,0,0.050000000000000003,1-<5%,325,1,325,245,75.384615384615387,75.384615384615387,75.384615384615387,0,3.6861538461538461,0,0.75384615384615383,325,0,75.384615384615387
10000,0,single,exact,0,0.050000000000000003,5-<10%,261,1,261,253,96.934865900383144,96.934865900383144,96.934865900383144,0,3.9655172413793105,0,0.96934865900383138,0,,96.934865900383144
10000,0,single,exact,0,0.050000000000000003,>=10%,296,1,296,293,98.986486486486484,98.986486486486484,98.986486486486484,0,3.9864864864864864,0,0.98986486486486491,0,,98.986486486486484
10000,0,single,gaussian_matched,0.050000000000000003,0.02,ALL,1000,32,32000,8991,28.096874999999997,79,28.09375,0,2.6556562499999998,0.062791733768086971,0.79300000000000004,443,0.67720090293453727,28.096874999999997
10000,0,single,gaussian_matched,0.050000000000000003,0.02,<1%,118,32,3776,274,7.2563559322033901,38.135593220338983,7.2563559322033901,0,1.9753707627118644,0.062429322427383804,0.40677966101694918,118,2.5423728813559325,7.2563559322033901
10000,0,single,gaussian_matched,0.050000000000000003,0.02,1-<5%,325,32,10400,2085,20.048076923076923,65.84615384615384,20.048076923076923,0,2.4018269230769231,0.063150879630771373,0.65846153846153843,325,0,20.048076923076923
10000,0,single,gaussian_matched,0.050000000000000003,0.02,5-<10%,261,32,8352,2852,34.14750957854406,93.869731800766289,34.13553639846743,0,2.8863745210727969,0.062834699120017018,0.93869731800766287,0,,34.14750957854406
10000,0,single,gaussian_matched,0.050000000000000003,0.02,>=10%,296,32,9472,3780,39.907094594594597,96.621621621621628,39.907094594594597,0,3.0021114864864864,0.062503991119359961,0.96621621621621623,0,,39.907094594594597
10000,0,single,gaussian_matched,0.050000000000000003,0.050000000000000003,ALL,1000,32,32000,23699,74.059375000000003,92.900000000000006,74.043750000000003,0,3.6499687500000002,0.062791733768086971,0.95799999999999996,443,5.8690744920993225,74.059375000000003
10000,0,single,gaussian_matched,0.050000000000000003,0.050000000000000003,<1%,118,32,3776,1364,36.122881355932201,72.881355932203391,36.122881355932201,0,3.0889830508474576,0.062429322427383804,0.83898305084745761,118,11.016949152542372,36.122881355932201
10000,0,single,gaussian_matched,0.050000000000000003,0.050000000000000003,1-<5%,325,32,10400,6619,63.644230769230766,88.923076923076934,63.644230769230766,0,3.5015384615384617,0.063150879630771373,0.92923076923076919,325,4,63.644230769230766
10000,0,single,gaussian_matched,0.050000000000000003,0.050000000000000003,5-<10%,261,32,8352,7152,85.632183908045974,99.23371647509579,85.572318007662844,0,3.820522030651341,0.062834699120017018,1.0038314176245211,0,,85.632183908045974
10000,0,single,gaussian_matched,0.050000000000000003,0.050000000000000003,>=10%,296,32,9472,8564,90.413851351351354,99.662162162162161,90.413851351351354,0,3.8861908783783785,0.062503991119359961,0.9966216216216216,0,,90.413851351351354
10000,0,multi,exact,0,0.02,ALL,1000,1,1000,538,53.800000000000004,53.800000000000004,53.800000000000004,0,3.2509999999999999,0,0.53800000000000003,443,0,53.800000000000004
10000,0,multi,exact,0,0.02,<1%,118,1,118,5,4.2372881355932197,4.2372881355932197,4.2372881355932197,0,2.2457627118644066,0,0.042372881355932202,118,0,4.2372881355932197
10000,0,multi,exact,0,0.02,1-<5%,325,1,325,84,25.846153846153847,25.846153846153847,25.846153846153847,0,2.7784615384615385,0,0.25846153846153846,325,0,25.846153846153847
10000,0,multi,exact,0,0.02,5-<10%,261,1,261,179,68.582375478927204,68.582375478927204,68.582375478927204,0,3.5708812260536398,0,0.68582375478927204,0,,68.582375478927204
10000,0,multi,exact,0,0.02,>=10%,296,1,296,270,91.21621621621621,91.21621621621621,91.21621621621621,0,3.8885135135135136,0,0.91216216216216217,0,,91.21621621621621
10000,0,multi,exact,0,0.050000000000000003,ALL,1000,1,1000,701,70.099999999999994,70.099999999999994,70.099999999999994,0,3.6139999999999999,0,0.70099999999999996,443,0,70.099999999999994
10000,0,multi,exact,0,0.050000000000000003,<1%,118,1,118,24,20.33898305084746,20.33898305084746,20.33898305084746,0,2.9406779661016951,0,0.20338983050847459,118,0,20.33898305084746
10000,0,multi,exact,0,0.050000000000000003,1-<5%,325,1,325,165,50.769230769230766,50.769230769230766,50.769230769230766,0,3.3630769230769233,0,0.50769230769230766,325,0,50.769230769230766
10000,0,multi,exact,0,0.050000000000000003,5-<10%,261,1,261,221,84.674329501915707,84.674329501915707,84.674329501915707,0,3.8160919540229883,0,0.84674329501915713,0,,84.674329501915707
10000,0,multi,exact,0,0.050000000000000003,>=10%,296,1,296,291,98.310810810810807,98.310810810810807,98.310810810810807,0,3.9797297297297298,0,0.98310810810810811,0,,98.310810810810807
10000,0,multi,gaussian_matched,0.050000000000000003,0.02,ALL,1000,32,32000,6606,20.643750000000001,70.5,20.628125000000001,0,2.4543124999999999,0.062791733768086971,0.72299999999999998,443,3.1602708803611739,20.643750000000001
10000,0,multi,gaussian_matched,0.050000000000000003,0.02,<1%,118,32,3776,103,2.7277542372881358,22.033898305084744,2.7277542372881358,0,1.8980402542372881,0.062429322427383804,0.26271186440677968,118,4.2372881355932197,2.7277542372881358
10000,0,multi,gaussian_matched,0.050000000000000003,0.02,1-<5%,325,32,10400,778,7.4807692307692308,49.846153846153847,7.4807692307692308,0,2.0556730769230769,0.063150879630771373,0.52615384615384619,325,2.7692307692307692,7.4807692307692308
10000,0,multi,gaussian_matched,0.050000000000000003,0.02,5-<10%,261,32,8352,2074,24.832375478927204,88.505747126436788,24.77250957854406,0,2.5931513409961684,0.062834699120017018,0.90038314176245215,0,,24.832375478927204
10000,0,multi,gaussian_matched,0.050000000000000003,0.02,>=10%,296,32,9472,3651,38.545185810810814,96.621621621621628,38.545185810810814,0,2.9913429054054053,0.062503991119359961,0.96621621621621623,0,,38.545185810810814
10000,0,multi,gaussian_matched,0.050000000000000003,0.050000000000000003,ALL,1000,32,32000,16563,51.759374999999999,89.299999999999997,51.693750000000009,0,3.2674687499999999,0.062791733768086971,0.98099999999999998,443,15.80135440180587,51.759374999999999
10000,0,multi,gaussian_matched,0.050000000000000003,0.050000000000000003,<1%,118,32,3776,494,13.082627118644069,61.016949152542374,13.082627118644069,0,2.672404661016949,0.062429322427383804,0.79661016949152541,118,18.64406779661017,13.082627118644069
10000,0,multi,gaussian_matched,0.050000000000000003,0.050000000000000003,1-<5%,325,32,10400,2966,28.51923076923077,84,28.499999999999996,0,2.8943269230769233,0.063150879630771373,0.99384615384615382,325,14.76923076923077,28.51923076923077
10000,0,multi,gaussian_matched,0.050000000000000003,0.050000000000000003,5-<10%,261,32,8352,5018,60.081417624521073,97.318007662835242,59.865900383141771,0,3.3914032567049808,0.062834699120017018,1.0306513409961686,0,,60.081417624521073
10000,0,multi,gaussian_matched,0.050000000000000003,0.050000000000000003,>=10%,296,32,9472,8085,85.35684121621621,99.324324324324323,85.34628378378379,0,3.8051097972972974,0.062503991119359961,0.9966216216216216,0,,85.35684121621621
