method,solver,tolerance,gap_bin,n_layouts,success_percent,mean_visited,mean_worst_distance,nonfinite_layouts
analytic_single,rk4_1000,0.02,ALL_selected,100,100.0,4.0,0.0003606243819397505,0
analytic_single,rk4_1000,0.02,<1%,25,100.0,4.0,0.00041976115219289587,0
analytic_single,rk4_1000,0.02,1–<5%,25,100.0,4.0,0.0004058777688958562,0
analytic_single,rk4_1000,0.02,5–<10%,25,100.0,4.0,0.0003490138378364644,0
analytic_single,rk4_1000,0.02,≥10%,25,100.0,4.0,0.0002678447688337852,0
analytic_single,rk4_1000,0.05,ALL_selected,100,100.0,4.0,0.0003606243819397505,0
analytic_single,rk4_1000,0.05,<1%,25,100.0,4.0,0.00041976115219289587,0
analytic_single,rk4_1000,0.05,1–<5%,25,100.0,4.0,0.0004058777688958562,0
analytic_single,rk4_1000,0.05,5–<10%,25,100.0,4.0,0.0003490138378364644,0
analytic_single,rk4_1000,0.05,≥10%,25,100.0,4.0,0.0002678447688337852,0
analytic_single,rk4_2000,0.02,ALL_selected,100,100.0,4.0,0.00019329617777143535,0
analytic_single,rk4_2000,0.02,<1%,25,100.0,4.0,0.0001735880617257799,0
analytic_single,rk4_2000,0.02,1–<5%,25,100.0,4.0,0.00023629263516531697,0
analytic_single,rk4_2000,0.02,5–<10%,25,100.0,4.0,0.00019849824984996566,0
analytic_single,rk4_2000,0.02,≥10%,25,100.0,4.0,0.00016480576434467893,0
analytic_single,rk4_2000,0.05,ALL_selected,100,100.0,4.0,0.00019329617777143535,0
analytic_single,rk4_2000,0.05,<1%,25,100.0,4.0,0.0001735880617257799,0
analytic_single,rk4_2000,0.05,1–<5%,25,100.0,4.0,0.00023629263516531697,0
analytic_single,rk4_2000,0.05,5–<10%,25,100.0,4.0,0.00019849824984996566,0
analytic_single,rk4_2000,0.05,≥10%,25,100.0,4.0,0.00016480576434467893,0
analytic_single,rk4_4000,0.02,ALL_selected,100,100.0,4.0,9.089020886636484e-05,0
analytic_single,rk4_4000,0.02,<1%,25,100.0,4.0,0.00010006168259796574,0
analytic_single,rk4_4000,0.02,1–<5%,25,100.0,4.0,9.587179862719696e-05,0
analytic_single,rk4_4000,0.02,5–<10%,25,100.0,4.0,9.315858622396228e-05,0
analytic_single,rk4_4000,0.02,≥10%,25,100.0,4.0,7.446876801633439e-05,0
analytic_single,rk4_4000,0.05,ALL_selected,100,100.0,4.0,9.089020886636484e-05,0
analytic_single,rk4_4000,0.05,<1%,25,100.0,4.0,0.00010006168259796574,0
analytic_single,rk4_4000,0.05,1–<5%,25,100.0,4.0,9.587179862719696e-05,0
analytic_single,rk4_4000,0.05,5–<10%,25,100.0,4.0,9.315858622396228e-05,0
analytic_single,rk4_4000,0.05,≥10%,25,100.0,4.0,7.446876801633439e-05,0
analytic_single,rk4_8000,0.02,ALL_selected,100,100.0,4.0,4.17389591516285e-05,0
analytic_single,rk4_8000,0.02,<1%,25,100.0,4.0,4.235357719750636e-05,0
analytic_single,rk4_8000,0.02,1–<5%,25,100.0,4.0,4.919276854371417e-05,0
analytic_single,rk4_8000,0.02,5–<10%,25,100.0,4.0,4.3304542654709475e-05,0
analytic_single,rk4_8000,0.02,≥10%,25,100.0,4.0,3.210494821058402e-05,0
analytic_single,rk4_8000,0.05,ALL_selected,100,100.0,4.0,4.17389591516285e-05,0
analytic_single,rk4_8000,0.05,<1%,25,100.0,4.0,4.235357719750636e-05,0
analytic_single,rk4_8000,0.05,1–<5%,25,100.0,4.0,4.919276854371417e-05,0
analytic_single,rk4_8000,0.05,5–<10%,25,100.0,4.0,4.3304542654709475e-05,0
analytic_single,rk4_8000,0.05,≥10%,25,100.0,4.0,3.210494821058402e-05,0
analytic_single,dop853,0.02,ALL_selected,100,100.0,4.0,1.1636620205366282e-15,0
analytic_single,dop853,0.02,<1%,25,100.0,4.0,1.1175705785329126e-15,0
analytic_single,dop853,0.02,1–<5%,25,100.0,4.0,1.1488113173103697e-15,0
analytic_single,dop853,0.02,5–<10%,25,100.0,4.0,1.1528338550875753e-15,0
analytic_single,dop853,0.02,≥10%,25,100.0,4.0,1.2354323312156542e-15,0
analytic_single,dop853,0.05,ALL_selected,100,100.0,4.0,1.1636620205366282e-15,0
analytic_single,dop853,0.05,<1%,25,100.0,4.0,1.1175705785329126e-15,0
analytic_single,dop853,0.05,1–<5%,25,100.0,4.0,1.1488113173103697e-15,0
analytic_single,dop853,0.05,5–<10%,25,100.0,4.0,1.1528338550875753e-15,0
analytic_single,dop853,0.05,≥10%,25,100.0,4.0,1.2354323312156542e-15,0
analytic_single,dop853_tight,0.02,ALL_selected,100,100.0,4.0,1.1636620205366282e-15,0
analytic_single,dop853_tight,0.02,<1%,25,100.0,4.0,1.1175705785329126e-15,0
analytic_single,dop853_tight,0.02,1–<5%,25,100.0,4.0,1.1488113173103697e-15,0
analytic_single,dop853_tight,0.02,5–<10%,25,100.0,4.0,1.1528338550875753e-15,0
analytic_single,dop853_tight,0.02,≥10%,25,100.0,4.0,1.2354323312156542e-15,0
analytic_single,dop853_tight,0.05,ALL_selected,100,100.0,4.0,1.1636620205366282e-15,0
analytic_single,dop853_tight,0.05,<1%,25,100.0,4.0,1.1175705785329126e-15,0
analytic_single,dop853_tight,0.05,1–<5%,25,100.0,4.0,1.1488113173103697e-15,0
analytic_single,dop853_tight,0.05,5–<10%,25,100.0,4.0,1.1528338550875753e-15,0
analytic_single,dop853_tight,0.05,≥10%,25,100.0,4.0,1.2354323312156542e-15,0
analytic_single,single_exact,0.02,ALL_selected,100,100.0,4.0,0.0,0
analytic_single,single_exact,0.02,<1%,25,100.0,4.0,0.0,0
analytic_single,single_exact,0.02,1–<5%,25,100.0,4.0,0.0,0
analytic_single,single_exact,0.02,5–<10%,25,100.0,4.0,0.0,0
analytic_single,single_exact,0.02,≥10%,25,100.0,4.0,0.0,0
analytic_single,single_exact,0.05,ALL_selected,100,100.0,4.0,0.0,0
analytic_single,single_exact,0.05,<1%,25,100.0,4.0,0.0,0
analytic_single,single_exact,0.05,1–<5%,25,100.0,4.0,0.0,0
analytic_single,single_exact,0.05,5–<10%,25,100.0,4.0,0.0,0
analytic_single,single_exact,0.05,≥10%,25,100.0,4.0,0.0,0
analytic_multi,rk4_1000,0.02,ALL_selected,100,51.0,3.17,0.07692840183587607,0
analytic_multi,rk4_1000,0.02,<1%,25,0.0,2.24,0.14249744584997923,0
analytic_multi,rk4_1000,0.02,1–<5%,25,4.0,2.44,0.16459930288685484,0
analytic_multi,rk4_1000,0.02,5–<10%,25,100.0,4.0,0.0003490138378364644,0
analytic_multi,rk4_1000,0.02,≥10%,25,100.0,4.0,0.0002678447688337852,0
analytic_multi,rk4_1000,0.05,ALL_selected,100,54.0,3.39,0.07692840183587607,0
analytic_multi,rk4_1000,0.05,<1%,25,8.0,2.76,0.14249744584997923,0
analytic_multi,rk4_1000,0.05,1–<5%,25,8.0,2.8,0.16459930288685484,0
analytic_multi,rk4_1000,0.05,5–<10%,25,100.0,4.0,0.0003490138378364644,0
analytic_multi,rk4_1000,0.05,≥10%,25,100.0,4.0,0.0002678447688337852,0
analytic_multi,rk4_2000,0.02,ALL_selected,100,51.0,3.17,0.07771419275342685,0
analytic_multi,rk4_2000,0.02,<1%,25,0.0,2.24,0.14279942451722702,0
analytic_multi,rk4_2000,0.02,1–<5%,25,4.0,2.44,0.16769404248228573,0
analytic_multi,rk4_2000,0.02,5–<10%,25,100.0,4.0,0.00019849824984996566,0
analytic_multi,rk4_2000,0.02,≥10%,25,100.0,4.0,0.00016480576434467893,0
analytic_multi,rk4_2000,0.05,ALL_selected,100,54.0,3.43,0.07771419275342685,0
analytic_multi,rk4_2000,0.05,<1%,25,8.0,2.84,0.14279942451722702,0
analytic_multi,rk4_2000,0.05,1–<5%,25,8.0,2.88,0.16769404248228573,0
analytic_multi,rk4_2000,0.05,5–<10%,25,100.0,4.0,0.00019849824984996566,0
analytic_multi,rk4_2000,0.05,≥10%,25,100.0,4.0,0.00016480576434467893,0
analytic_multi,rk4_4000,0.02,ALL_selected,100,51.0,3.17,0.0774746604654893,0
analytic_multi,rk4_4000,0.02,<1%,25,0.0,2.28,0.14579999123406215,0
analytic_multi,rk4_4000,0.02,1–<5%,25,4.0,2.4,0.16393102327365475,0
analytic_multi,rk4_4000,0.02,5–<10%,25,100.0,4.0,9.315858622396228e-05,0
analytic_multi,rk4_4000,0.02,≥10%,25,100.0,4.0,7.446876801633439e-05,0
analytic_multi,rk4_4000,0.05,ALL_selected,100,54.0,3.38,0.0774746604654893,0
analytic_multi,rk4_4000,0.05,<1%,25,8.0,2.76,0.14579999123406215,0
analytic_multi,rk4_4000,0.05,1–<5%,25,8.0,2.76,0.16393102327365475,0
analytic_multi,rk4_4000,0.05,5–<10%,25,100.0,4.0,9.315858622396228e-05,0
analytic_multi,rk4_4000,0.05,≥10%,25,100.0,4.0,7.446876801633439e-05,0
analytic_multi,rk4_8000,0.02,ALL_selected,100,51.0,3.16,0.07754583155429629,0
analytic_multi,rk4_8000,0.02,<1%,25,0.0,2.28,0.14570484916726595,0
analytic_multi,rk4_8000,0.02,1–<5%,25,4.0,2.36,0.16440306755905396,0
analytic_multi,rk4_8000,0.02,5–<10%,25,100.0,4.0,4.3304542654709475e-05,0
analytic_multi,rk4_8000,0.02,≥10%,25,100.0,4.0,3.210494821058402e-05,0
analytic_multi,rk4_8000,0.05,ALL_selected,100,54.0,3.37,0.07754583155429629,0
analytic_multi,rk4_8000,0.05,<1%,25,8.0,2.76,0.14570484916726595,0
analytic_multi,rk4_8000,0.05,1–<5%,25,8.0,2.72,0.16440306755905396,0
analytic_multi,rk4_8000,0.05,5–<10%,25,100.0,4.0,4.3304542654709475e-05,0
analytic_multi,rk4_8000,0.05,≥10%,25,100.0,4.0,3.210494821058402e-05,0
analytic_multi,dop853,0.02,ALL_selected,100,51.0,2.98,0.07266424085082418,0
analytic_multi,dop853,0.02,<1%,25,0.0,2.08,0.13652406306333478,0
analytic_multi,dop853,0.02,1–<5%,25,4.0,1.84,0.15413290033995955,0
analytic_multi,dop853,0.02,5–<10%,25,100.0,4.0,1.1528338550875753e-15,0
analytic_multi,dop853,0.02,≥10%,25,100.0,4.0,1.2354323312156542e-15,0
analytic_multi,dop853,0.05,ALL_selected,100,59.0,3.46,0.07266424085082418,0
analytic_multi,dop853,0.05,<1%,25,20.0,2.96,0.13652406306333478,0
analytic_multi,dop853,0.05,1–<5%,25,16.0,2.88,0.15413290033995955,0
analytic_multi,dop853,0.05,5–<10%,25,100.0,4.0,1.1528338550875753e-15,0
analytic_multi,dop853,0.05,≥10%,25,100.0,4.0,1.2354323312156542e-15,0
analytic_multi,dop853_tight,0.02,ALL_selected,100,51.0,2.99,0.07751080801807554,0
analytic_multi,dop853_tight,0.02,<1%,25,0.0,2.08,0.1458108215432776,0
analytic_multi,dop853_tight,0.02,1–<5%,25,4.0,1.88,0.16423241052902215,0
analytic_multi,dop853_tight,0.02,5–<10%,25,100.0,4.0,1.1528338550875753e-15,0
analytic_multi,dop853_tight,0.02,≥10%,25,100.0,4.0,1.2354323312156542e-15,0
analytic_multi,dop853_tight,0.05,ALL_selected,100,56.00000000000001,3.42,0.07751080801807554,0
analytic_multi,dop853_tight,0.05,<1%,25,12.0,2.84,0.1458108215432776,0
analytic_multi,dop853_tight,0.05,1–<5%,25,12.0,2.84,0.16423241052902215,0
analytic_multi,dop853_tight,0.05,5–<10%,25,100.0,4.0,1.1528338550875753e-15,0
analytic_multi,dop853_tight,0.05,≥10%,25,100.0,4.0,1.2354323312156542e-15,0
