method,layout_index,gap_bin,initial_sigma,tolerance,first_visit_order,count
learned_single,3,≥10%,0.0,0.02,2→1→4→3,1
learned_single,3,≥10%,0.0,0.05,2→1→4→3,1
learned_single,3,≥10%,0.01,0.02,2→1→4→3,20
learned_single,3,≥10%,0.01,0.05,2→1→4→3,20
learned_single,3,≥10%,0.05,0.02,2→1→4→3,8
learned_single,3,≥10%,0.05,0.05,2→1→4→3,20
learned_single,8,5–<10%,0.0,0.02,4→2→3→1,1
learned_single,8,5–<10%,0.0,0.05,4→2→3→1,1
learned_single,8,5–<10%,0.01,0.02,4→2→3→1,20
learned_single,8,5–<10%,0.01,0.05,4→2→3→1,20
learned_single,8,5–<10%,0.05,0.05,4→2→3→1,19
learned_single,8,5–<10%,0.05,0.02,4→2→3→1,9
learned_single,15,≥10%,0.0,0.02,1→3→4→2,1
learned_single,15,≥10%,0.0,0.05,1→3→4→2,1
learned_single,15,≥10%,0.01,0.02,1→3→4→2,20
learned_single,15,≥10%,0.01,0.05,1→3→4→2,20
learned_single,15,≥10%,0.05,0.02,1→3→4→2,7
learned_single,15,≥10%,0.05,0.05,1→3→4→2,17
learned_single,28,≥10%,0.0,0.05,4→3→2→1,1
learned_single,28,≥10%,0.01,0.05,4→3→2→1,20
learned_single,28,≥10%,0.01,0.02,4→3→2→1,9
learned_single,28,≥10%,0.05,0.05,4→3→2→1,16
learned_single,28,≥10%,0.05,0.02,4→3→2→1,7
learned_single,40,5–<10%,0.0,0.02,4→2→3→1,1
learned_single,40,5–<10%,0.0,0.05,4→2→3→1,1
learned_single,40,5–<10%,0.01,0.05,4→2→3→1,20
learned_single,40,5–<10%,0.01,0.02,4→2→3→1,13
learned_single,40,5–<10%,0.05,0.02,4→2→3→1,8
learned_single,40,5–<10%,0.05,0.05,4→2→3→1,16
learned_single,43,<1%,0.0,0.05,3→4→2→1,1
learned_single,43,<1%,0.01,0.05,3→4→2→1,20
learned_single,43,<1%,0.05,0.05,3→4→2→1,19
learned_single,45,≥10%,0.0,0.02,4→2→1→3,1
learned_single,45,≥10%,0.0,0.05,4→2→1→3,1
learned_single,45,≥10%,0.01,0.02,4→2→1→3,17
learned_single,45,≥10%,0.01,0.05,4→2→1→3,20
learned_single,45,≥10%,0.05,0.02,4→2→1→3,6
learned_single,45,≥10%,0.05,0.05,4→2→1→3,16
learned_single,47,5–<10%,0.0,0.02,4→2→3→1,1
learned_single,47,5–<10%,0.0,0.05,4→2→3→1,1
learned_single,47,5–<10%,0.01,0.02,4→2→3→1,20
learned_single,47,5–<10%,0.01,0.05,4→2→3→1,20
learned_single,47,5–<10%,0.05,0.05,4→2→3→1,18
learned_single,47,5–<10%,0.05,0.02,4→2→3→1,6
learned_single,80,≥10%,0.0,0.02,3→4→2→1,1
learned_single,80,≥10%,0.0,0.05,3→4→2→1,1
learned_single,80,≥10%,0.01,0.02,3→4→2→1,20
learned_single,80,≥10%,0.01,0.05,3→4→2→1,20
learned_single,80,≥10%,0.05,0.02,3→4→2→1,13
learned_single,80,≥10%,0.05,0.05,3→4→2→1,20
learned_single,83,≥10%,0.0,0.02,4→3→1→2,1
learned_single,83,≥10%,0.0,0.05,4→3→1→2,1
learned_single,83,≥10%,0.01,0.02,4→3→1→2,20
learned_single,83,≥10%,0.01,0.05,4→3→1→2,20
learned_single,83,≥10%,0.05,0.05,4→3→1→2,18
learned_single,83,≥10%,0.05,0.02,4→3→1→2,6
learned_single,86,≥10%,0.0,0.02,2→3→4→1,1
learned_single,86,≥10%,0.0,0.05,2→3→4→1,1
learned_single,86,≥10%,0.01,0.02,2→3→4→1,20
learned_single,86,≥10%,0.01,0.05,2→3→4→1,20
learned_single,86,≥10%,0.05,0.02,2→3→4→1,14
learned_single,86,≥10%,0.05,0.05,2→3→4→1,20
learned_single,101,<1%,0.0,0.05,2→1→3→4,1
learned_single,101,<1%,0.01,0.05,2→1→3→4,20
learned_single,101,<1%,0.05,0.05,2→1→3→4,18
learned_single,117,<1%,0.0,0.05,2→3→1→4,1
learned_single,117,<1%,0.01,0.05,2→3→1→4,19
learned_single,117,<1%,0.05,0.05,2→3→1→4,9
learned_single,117,<1%,0.05,0.02,4→1→2→3,1
learned_single,117,<1%,0.05,0.05,4→1→2→3,1
learned_single,140,1–<5%,0.0,0.02,3→2→1→4,1
learned_single,140,1–<5%,0.0,0.05,3→2→1→4,1
learned_single,140,1–<5%,0.01,0.02,3→2→1→4,20
learned_single,140,1–<5%,0.01,0.05,3→2→1→4,20
learned_single,140,1–<5%,0.05,0.02,3→2→1→4,11
learned_single,140,1–<5%,0.05,0.05,3→2→1→4,20
learned_single,149,<1%,0.01,0.05,3→2→1→4,4
learned_single,149,<1%,0.05,0.05,3→2→1→4,3
learned_single,154,≥10%,0.0,0.02,3→1→4→2,1
learned_single,154,≥10%,0.0,0.05,3→1→4→2,1
learned_single,154,≥10%,0.01,0.02,3→1→4→2,20
learned_single,154,≥10%,0.01,0.05,3→1→4→2,20
learned_single,154,≥10%,0.05,0.05,3→1→4→2,17
learned_single,154,≥10%,0.05,0.02,3→1→4→2,3
learned_single,165,1–<5%,0.0,0.02,3→4→1→2,1
learned_single,165,1–<5%,0.0,0.05,3→4→1→2,1
learned_single,165,1–<5%,0.01,0.05,3→4→1→2,20
learned_single,165,1–<5%,0.01,0.02,3→4→1→2,16
learned_single,165,1–<5%,0.05,0.05,3→4→1→2,20
learned_single,165,1–<5%,0.05,0.02,3→4→1→2,5
learned_single,185,<1%,0.01,0.05,3→2→4→1,1
learned_single,185,<1%,0.05,0.05,3→2→4→1,3
learned_single,186,1–<5%,0.0,0.02,2→4→1→3,1
learned_single,186,1–<5%,0.0,0.05,2→4→1→3,1
learned_single,186,1–<5%,0.01,0.02,2→4→1→3,20
learned_single,186,1–<5%,0.01,0.05,2→4→1→3,20
learned_single,186,1–<5%,0.05,0.05,2→4→1→3,16
learned_single,186,1–<5%,0.05,0.02,2→4→1→3,4
learned_single,187,1–<5%,0.0,0.02,3→2→1→4,1
learned_single,187,1–<5%,0.0,0.05,3→2→1→4,1
learned_single,187,1–<5%,0.01,0.02,3→2→1→4,20
learned_single,187,1–<5%,0.01,0.05,3→2→1→4,20
learned_single,187,1–<5%,0.05,0.05,3→2→1→4,17
learned_single,187,1–<5%,0.05,0.02,3→2→1→4,7
learned_single,236,≥10%,0.0,0.02,2→4→1→3,1
learned_single,236,≥10%,0.0,0.05,2→4→1→3,1
learned_single,236,≥10%,0.01,0.05,2→4→1→3,20
learned_single,236,≥10%,0.01,0.02,2→4→1→3,13
learned_single,236,≥10%,0.05,0.05,2→4→1→3,18
learned_single,236,≥10%,0.05,0.02,2→4→1→3,4
learned_single,246,≥10%,0.0,0.02,3→2→1→4,1
learned_single,246,≥10%,0.0,0.05,3→2→1→4,1
learned_single,246,≥10%,0.01,0.02,3→2→1→4,20
learned_single,246,≥10%,0.01,0.05,3→2→1→4,20
learned_single,246,≥10%,0.05,0.05,3→2→1→4,19
learned_single,246,≥10%,0.05,0.02,3→2→1→4,12
learned_single,248,≥10%,0.0,0.02,3→1→2→4,1
learned_single,248,≥10%,0.0,0.05,3→1→2→4,1
learned_single,248,≥10%,0.01,0.02,3→1→2→4,20
learned_single,248,≥10%,0.01,0.05,3→1→2→4,20
learned_single,248,≥10%,0.05,0.05,3→1→2→4,20
learned_single,248,≥10%,0.05,0.02,3→1→2→4,6
learned_single,250,≥10%,0.0,0.02,1→3→2→4,1
learned_single,250,≥10%,0.0,0.05,1→3→2→4,1
learned_single,250,≥10%,0.01,0.02,1→3→2→4,20
learned_single,250,≥10%,0.01,0.05,1→3→2→4,20
learned_single,250,≥10%,0.05,0.02,1→3→2→4,10
learned_single,250,≥10%,0.05,0.05,1→3→2→4,19
learned_single,281,1–<5%,0.0,0.02,4→2→1→3,1
learned_single,281,1–<5%,0.0,0.05,4→2→1→3,1
learned_single,281,1–<5%,0.01,0.02,4→2→1→3,20
learned_single,281,1–<5%,0.01,0.05,4→2→1→3,20
learned_single,281,1–<5%,0.05,0.02,4→2→1→3,9
learned_single,281,1–<5%,0.05,0.05,4→2→1→3,19
learned_single,312,1–<5%,0.0,0.05,1→4→3→2,1
learned_single,312,1–<5%,0.01,0.05,1→4→3→2,20
learned_single,312,1–<5%,0.05,0.05,1→4→3→2,16
learned_single,322,≥10%,0.0,0.02,4→3→1→2,1
learned_single,322,≥10%,0.0,0.05,4→3→1→2,1
learned_single,322,≥10%,0.01,0.02,4→3→1→2,17
learned_single,322,≥10%,0.01,0.05,4→3→1→2,20
learned_single,322,≥10%,0.05,0.05,4→3→1→2,18
learned_single,322,≥10%,0.05,0.02,4→3→1→2,3
learned_single,329,1–<5%,0.0,0.02,2→3→1→4,1
learned_single,329,1–<5%,0.0,0.05,2→3→1→4,1
learned_single,329,1–<5%,0.01,0.02,2→3→1→4,18
learned_single,329,1–<5%,0.01,0.05,2→3→1→4,20
learned_single,329,1–<5%,0.05,0.05,2→3→1→4,17
learned_single,329,1–<5%,0.05,0.02,2→3→1→4,4
learned_single,353,5–<10%,0.0,0.02,3→1→4→2,1
learned_single,353,5–<10%,0.0,0.05,3→1→4→2,1
learned_single,353,5–<10%,0.01,0.02,3→1→4→2,20
learned_single,353,5–<10%,0.01,0.05,3→1→4→2,20
learned_single,353,5–<10%,0.05,0.02,3→1→4→2,15
learned_single,353,5–<10%,0.05,0.05,3→1→4→2,20
learned_single,363,<1%,0.0,0.02,4→1→3→2,1
learned_single,363,<1%,0.0,0.05,4→1→3→2,1
learned_single,363,<1%,0.01,0.02,4→1→3→2,20
learned_single,363,<1%,0.01,0.05,4→1→3→2,20
learned_single,363,<1%,0.05,0.02,4→1→3→2,6
learned_single,363,<1%,0.05,0.05,4→1→3→2,16
learned_single,364,5–<10%,0.0,0.02,4→1→3→2,1
learned_single,364,5–<10%,0.0,0.05,4→1→3→2,1
learned_single,364,5–<10%,0.01,0.02,4→1→3→2,20
learned_single,364,5–<10%,0.01,0.05,4→1→3→2,20
learned_single,364,5–<10%,0.05,0.02,4→1→3→2,9
learned_single,364,5–<10%,0.05,0.05,4→1→3→2,19
learned_single,379,<1%,0.05,0.05,4→1→2→3,1
learned_single,391,1–<5%,0.05,0.05,2→1→3→4,4
learned_single,418,1–<5%,0.0,0.05,1→2→4→3,1
learned_single,418,1–<5%,0.01,0.05,1→2→4→3,20
learned_single,418,1–<5%,0.01,0.02,1→2→4→3,1
learned_single,418,1–<5%,0.05,0.05,1→2→4→3,20
learned_single,428,1–<5%,0.0,0.02,4→3→2→1,1
learned_single,428,1–<5%,0.0,0.05,4→3→2→1,1
learned_single,428,1–<5%,0.01,0.02,4→3→2→1,20
learned_single,428,1–<5%,0.01,0.05,4→3→2→1,20
learned_single,428,1–<5%,0.05,0.02,4→3→2→1,14
learned_single,428,1–<5%,0.05,0.05,4→3→2→1,20
learned_single,434,5–<10%,0.0,0.02,1→2→4→3,1
learned_single,434,5–<10%,0.0,0.05,1→2→4→3,1
learned_single,434,5–<10%,0.01,0.02,1→2→4→3,20
learned_single,434,5–<10%,0.01,0.05,1→2→4→3,20
learned_single,434,5–<10%,0.05,0.02,1→2→4→3,8
learned_single,434,5–<10%,0.05,0.05,1→2→4→3,16
learned_single,448,5–<10%,0.0,0.05,1→2→3→4,1
learned_single,448,5–<10%,0.01,0.05,1→2→3→4,16
learned_single,448,5–<10%,0.01,0.02,1→2→3→4,6
learned_single,448,5–<10%,0.05,0.05,1→2→3→4,10
learned_single,450,5–<10%,0.0,0.02,1→4→2→3,1
learned_single,450,5–<10%,0.0,0.05,1→4→2→3,1
learned_single,450,5–<10%,0.01,0.02,1→4→2→3,20
learned_single,450,5–<10%,0.01,0.05,1→4→2→3,20
learned_single,450,5–<10%,0.05,0.02,1→4→2→3,8
learned_single,450,5–<10%,0.05,0.05,1→4→2→3,18
learned_single,456,≥10%,0.0,0.02,1→3→4→2,1
learned_single,456,≥10%,0.0,0.05,1→3→4→2,1
learned_single,456,≥10%,0.01,0.02,1→3→4→2,20
learned_single,456,≥10%,0.01,0.05,1→3→4→2,20
learned_single,456,≥10%,0.05,0.05,1→3→4→2,19
learned_single,456,≥10%,0.05,0.02,1→3→4→2,4
learned_single,492,5–<10%,0.0,0.02,4→2→1→3,1
learned_single,492,5–<10%,0.0,0.05,4→2→1→3,1
learned_single,492,5–<10%,0.01,0.02,4→2→1→3,20
learned_single,492,5–<10%,0.01,0.05,4→2→1→3,20
learned_single,492,5–<10%,0.05,0.02,4→2→1→3,6
learned_single,492,5–<10%,0.05,0.05,4→2→1→3,20
learned_single,494,1–<5%,0.0,0.02,2→1→4→3,1
learned_single,494,1–<5%,0.0,0.05,2→1→4→3,1
learned_single,494,1–<5%,0.01,0.02,2→1→4→3,11
learned_single,494,1–<5%,0.01,0.05,2→1→4→3,20
learned_single,494,1–<5%,0.05,0.02,2→1→4→3,6
learned_single,494,1–<5%,0.05,0.05,2→1→4→3,12
learned_single,506,5–<10%,0.0,0.02,3→1→2→4,1
learned_single,506,5–<10%,0.0,0.05,3→1→2→4,1
learned_single,506,5–<10%,0.01,0.02,3→1→2→4,14
learned_single,506,5–<10%,0.01,0.05,3→1→2→4,20
learned_single,506,5–<10%,0.05,0.05,3→1→2→4,15
learned_single,506,5–<10%,0.05,0.02,3→1→2→4,3
learned_single,532,1–<5%,0.05,0.05,3→2→4→1,1
learned_single,536,5–<10%,0.01,0.05,3→2→1→4,11
learned_single,536,5–<10%,0.05,0.05,3→2→1→4,11
learned_single,536,5–<10%,0.05,0.05,3→1→4→2,1
learned_single,547,5–<10%,0.0,0.05,1→3→2→4,1
learned_single,547,5–<10%,0.01,0.05,1→3→2→4,20
learned_single,547,5–<10%,0.05,0.05,1→3→2→4,17
learned_single,547,5–<10%,0.05,0.02,1→3→2→4,2
learned_single,564,≥10%,0.0,0.02,1→2→4→3,1
learned_single,564,≥10%,0.0,0.05,1→2→4→3,1
learned_single,564,≥10%,0.01,0.02,1→2→4→3,20
learned_single,564,≥10%,0.01,0.05,1→2→4→3,20
learned_single,564,≥10%,0.05,0.05,1→2→4→3,20
learned_single,564,≥10%,0.05,0.02,1→2→4→3,9
learned_single,573,1–<5%,0.0,0.02,4→1→3→2,1
learned_single,573,1–<5%,0.0,0.05,4→1→3→2,1
learned_single,573,1–<5%,0.01,0.02,4→1→3→2,20
learned_single,573,1–<5%,0.01,0.05,4→1→3→2,20
learned_single,573,1–<5%,0.05,0.05,4→1→3→2,20
learned_single,573,1–<5%,0.05,0.02,4→1→3→2,4
learned_single,575,5–<10%,0.0,0.05,4→2→1→3,1
learned_single,575,5–<10%,0.01,0.05,4→2→1→3,20
learned_single,575,5–<10%,0.01,0.02,4→2→1→3,5
learned_single,575,5–<10%,0.05,0.02,4→2→1→3,6
learned_single,575,5–<10%,0.05,0.05,4→2→1→3,20
learned_single,579,<1%,0.0,0.05,4→3→1→2,1
learned_single,579,<1%,0.01,0.05,4→3→1→2,20
learned_single,579,<1%,0.05,0.05,4→3→1→2,15
learned_single,579,<1%,0.05,0.05,2→4→3→1,3
learned_single,591,≥10%,0.0,0.02,3→2→4→1,1
learned_single,591,≥10%,0.0,0.05,3→2→4→1,1
learned_single,591,≥10%,0.01,0.02,3→2→4→1,18
learned_single,591,≥10%,0.01,0.05,3→2→4→1,20
learned_single,591,≥10%,0.05,0.05,3→2→4→1,18
learned_single,591,≥10%,0.05,0.02,3→2→4→1,4
learned_single,601,5–<10%,0.0,0.02,1→4→3→2,1
learned_single,601,5–<10%,0.0,0.05,1→4→3→2,1
learned_single,601,5–<10%,0.01,0.02,1→4→3→2,20
learned_single,601,5–<10%,0.01,0.05,1→4→3→2,20
learned_single,601,5–<10%,0.05,0.05,1→4→3→2,19
learned_single,601,5–<10%,0.05,0.02,1→4→3→2,6
learned_single,606,<1%,0.0,0.05,4→3→1→2,1
learned_single,606,<1%,0.01,0.05,4→3→1→2,20
learned_single,606,<1%,0.05,0.05,4→3→1→2,18
learned_single,606,<1%,0.05,0.02,4→3→1→2,1
learned_single,607,1–<5%,0.0,0.05,1→2→4→3,1
learned_single,607,1–<5%,0.01,0.05,1→2→4→3,20
learned_single,607,1–<5%,0.05,0.05,1→2→4→3,20
learned_single,641,≥10%,0.0,0.05,3→1→4→2,1
learned_single,641,≥10%,0.01,0.05,3→1→4→2,20
learned_single,641,≥10%,0.05,0.05,3→1→4→2,14
learned_single,641,≥10%,0.05,0.02,3→1→4→2,1
learned_single,648,5–<10%,0.0,0.02,3→2→1→4,1
learned_single,648,5–<10%,0.0,0.05,3→2→1→4,1
learned_single,648,5–<10%,0.01,0.02,3→2→1→4,20
learned_single,648,5–<10%,0.01,0.05,3→2→1→4,20
learned_single,648,5–<10%,0.05,0.05,3→2→1→4,20
learned_single,648,5–<10%,0.05,0.02,3→2→1→4,11
learned_single,660,<1%,0.01,0.05,2→1→3→4,5
learned_single,660,<1%,0.05,0.05,2→1→3→4,8
learned_single,660,<1%,0.05,0.02,2→1→3→4,3
learned_single,690,<1%,0.0,0.05,3→2→1→4,1
learned_single,690,<1%,0.01,0.05,3→2→1→4,20
learned_single,690,<1%,0.05,0.05,3→2→1→4,18
learned_single,690,<1%,0.05,0.02,3→2→1→4,4
learned_single,710,<1%,0.0,0.05,2→1→4→3,1
learned_single,710,<1%,0.01,0.05,2→1→4→3,19
learned_single,710,<1%,0.05,0.05,2→1→4→3,12
learned_single,710,<1%,0.05,0.02,2→1→4→3,1
learned_single,712,5–<10%,0.0,0.02,3→2→4→1,1
learned_single,712,5–<10%,0.0,0.05,3→2→4→1,1
learned_single,712,5–<10%,0.01,0.02,3→2→4→1,20
learned_single,712,5–<10%,0.01,0.05,3→2→4→1,20
learned_single,712,5–<10%,0.05,0.05,3→2→4→1,19
learned_single,712,5–<10%,0.05,0.02,3→2→4→1,7
learned_single,722,<1%,0.01,0.05,1→2→4→3,6
learned_single,722,<1%,0.05,0.05,1→2→4→3,1
learned_single,731,<1%,0.05,0.05,2→1→3→4,1
learned_single,749,<1%,0.0,0.02,3→1→4→2,1
learned_single,749,<1%,0.0,0.05,3→1→4→2,1
learned_single,749,<1%,0.01,0.02,3→1→4→2,11
learned_single,749,<1%,0.01,0.05,3→1→4→2,20
learned_single,749,<1%,0.05,0.02,3→1→4→2,5
learned_single,749,<1%,0.05,0.05,3→1→4→2,19
learned_single,776,5–<10%,0.0,0.02,2→4→3→1,1
learned_single,776,5–<10%,0.0,0.05,2→4→3→1,1
learned_single,776,5–<10%,0.01,0.02,2→4→3→1,20
learned_single,776,5–<10%,0.01,0.05,2→4→3→1,20
learned_single,776,5–<10%,0.05,0.05,2→4→3→1,16
learned_single,776,5–<10%,0.05,0.02,2→4→3→1,5
learned_single,777,1–<5%,0.0,0.02,2→1→3→4,1
learned_single,777,1–<5%,0.0,0.05,2→1→3→4,1
learned_single,777,1–<5%,0.01,0.02,2→1→3→4,11
learned_single,777,1–<5%,0.01,0.05,2→1→3→4,20
learned_single,777,1–<5%,0.05,0.02,2→1→3→4,8
learned_single,777,1–<5%,0.05,0.05,2→1→3→4,20
learned_single,784,5–<10%,0.0,0.02,4→3→1→2,1
learned_single,784,5–<10%,0.0,0.05,4→3→1→2,1
learned_single,784,5–<10%,0.01,0.02,4→3→1→2,20
learned_single,784,5–<10%,0.01,0.05,4→3→1→2,20
learned_single,784,5–<10%,0.05,0.02,4→3→1→2,16
learned_single,784,5–<10%,0.05,0.05,4→3→1→2,20
learned_single,789,5–<10%,0.0,0.02,3→1→2→4,1
learned_single,789,5–<10%,0.0,0.05,3→1→2→4,1
learned_single,789,5–<10%,0.01,0.02,3→1→2→4,20
learned_single,789,5–<10%,0.01,0.05,3→1→2→4,20
learned_single,789,5–<10%,0.05,0.02,3→1→2→4,11
learned_single,789,5–<10%,0.05,0.05,3→1→2→4,20
learned_single,792,5–<10%,0.0,0.02,1→4→2→3,1
learned_single,792,5–<10%,0.0,0.05,1→4→2→3,1
learned_single,792,5–<10%,0.01,0.02,1→4→2→3,20
learned_single,792,5–<10%,0.01,0.05,1→4→2→3,20
learned_single,792,5–<10%,0.05,0.05,1→4→2→3,17
learned_single,792,5–<10%,0.05,0.02,1→4→2→3,5
learned_single,797,1–<5%,0.0,0.02,2→1→3→4,1
learned_single,797,1–<5%,0.0,0.05,2→1→3→4,1
learned_single,797,1–<5%,0.01,0.02,2→1→3→4,19
learned_single,797,1–<5%,0.01,0.05,2→1→3→4,20
learned_single,797,1–<5%,0.05,0.02,2→1→3→4,10
learned_single,797,1–<5%,0.05,0.05,2→1→3→4,19
learned_single,804,≥10%,0.0,0.02,2→3→1→4,1
learned_single,804,≥10%,0.0,0.05,2→3→1→4,1
learned_single,804,≥10%,0.01,0.02,2→3→1→4,20
learned_single,804,≥10%,0.01,0.05,2→3→1→4,20
learned_single,804,≥10%,0.05,0.05,2→3→1→4,20
learned_single,804,≥10%,0.05,0.02,2→3→1→4,11
learned_single,815,<1%,0.0,0.02,3→2→1→4,1
learned_single,815,<1%,0.0,0.05,3→2→1→4,1
learned_single,815,<1%,0.01,0.02,3→2→1→4,19
learned_single,815,<1%,0.01,0.05,3→2→1→4,20
learned_single,815,<1%,0.05,0.05,3→2→1→4,15
learned_single,815,<1%,0.05,0.02,3→2→1→4,6
learned_single,820,<1%,0.05,0.02,3→2→4→1,1
learned_single,820,<1%,0.05,0.05,3→2→4→1,1
learned_single,822,5–<10%,0.0,0.05,2→1→4→3,1
learned_single,822,5–<10%,0.01,0.05,2→1→4→3,20
learned_single,822,5–<10%,0.01,0.02,2→1→4→3,4
learned_single,822,5–<10%,0.05,0.05,2→1→4→3,20
learned_single,822,5–<10%,0.05,0.02,2→1→4→3,3
learned_single,841,≥10%,0.0,0.02,2→4→3→1,1
learned_single,841,≥10%,0.0,0.05,2→4→3→1,1
learned_single,841,≥10%,0.01,0.02,2→4→3→1,20
learned_single,841,≥10%,0.01,0.05,2→4→3→1,20
learned_single,841,≥10%,0.05,0.02,2→4→3→1,6
learned_single,841,≥10%,0.05,0.05,2→4→3→1,18
learned_single,870,≥10%,0.0,0.02,4→2→3→1,1
learned_single,870,≥10%,0.0,0.05,4→2→3→1,1
learned_single,870,≥10%,0.01,0.02,4→2→3→1,20
learned_single,870,≥10%,0.01,0.05,4→2→3→1,20
learned_single,870,≥10%,0.05,0.05,4→2→3→1,20
learned_single,870,≥10%,0.05,0.02,4→2→3→1,9
learned_single,877,5–<10%,0.0,0.02,1→2→3→4,1
learned_single,877,5–<10%,0.0,0.05,1→2→3→4,1
learned_single,877,5–<10%,0.01,0.02,1→2→3→4,20
learned_single,877,5–<10%,0.01,0.05,1→2→3→4,20
learned_single,877,5–<10%,0.05,0.05,1→2→3→4,18
learned_single,877,5–<10%,0.05,0.02,1→2→3→4,5
learned_single,884,≥10%,0.0,0.02,4→3→1→2,1
learned_single,884,≥10%,0.0,0.05,4→3→1→2,1
learned_single,884,≥10%,0.01,0.02,4→3→1→2,20
learned_single,884,≥10%,0.01,0.05,4→3→1→2,20
learned_single,884,≥10%,0.05,0.05,4→3→1→2,18
learned_single,884,≥10%,0.05,0.02,4→3→1→2,11
learned_single,887,<1%,0.0,0.05,2→4→3→1,1
learned_single,887,<1%,0.01,0.05,2→4→3→1,20
learned_single,887,<1%,0.05,0.05,2→4→3→1,9
learned_single,887,<1%,0.05,0.05,2→3→1→4,1
learned_single,888,5–<10%,0.0,0.02,3→1→4→2,1
learned_single,888,5–<10%,0.0,0.05,3→1→4→2,1
learned_single,888,5–<10%,0.01,0.02,3→1→4→2,20
learned_single,888,5–<10%,0.01,0.05,3→1→4→2,20
learned_single,888,5–<10%,0.05,0.05,3→1→4→2,19
learned_single,888,5–<10%,0.05,0.02,3→1→4→2,11
learned_single,896,≥10%,0.0,0.02,3→4→1→2,1
learned_single,896,≥10%,0.0,0.05,3→4→1→2,1
learned_single,896,≥10%,0.01,0.02,3→4→1→2,20
learned_single,896,≥10%,0.01,0.05,3→4→1→2,20
learned_single,896,≥10%,0.05,0.05,3→4→1→2,17
learned_single,896,≥10%,0.05,0.02,3→4→1→2,8
learned_single,899,≥10%,0.0,0.05,4→1→3→2,1
learned_single,899,≥10%,0.01,0.05,4→1→3→2,20
learned_single,899,≥10%,0.05,0.05,4→1→3→2,13
learned_single,904,5–<10%,0.0,0.02,2→4→1→3,1
learned_single,904,5–<10%,0.0,0.05,2→4→1→3,1
learned_single,904,5–<10%,0.01,0.05,2→4→1→3,20
learned_single,904,5–<10%,0.01,0.02,2→4→1→3,18
learned_single,904,5–<10%,0.05,0.05,2→4→1→3,15
learned_single,904,5–<10%,0.05,0.02,2→4→1→3,3
learned_single,912,1–<5%,0.0,0.05,2→3→1→4,1
learned_single,912,1–<5%,0.01,0.05,2→3→1→4,20
learned_single,912,1–<5%,0.01,0.02,2→3→1→4,2
learned_single,912,1–<5%,0.05,0.05,2→3→1→4,14
learned_single,912,1–<5%,0.05,0.02,2→3→1→4,6
learned_single,930,1–<5%,0.05,0.05,4→2→3→1,3
learned_single,931,1–<5%,0.0,0.02,1→4→2→3,1
learned_single,931,1–<5%,0.0,0.05,1→4→2→3,1
learned_single,931,1–<5%,0.01,0.02,1→4→2→3,18
learned_single,931,1–<5%,0.01,0.05,1→4→2→3,20
learned_single,931,1–<5%,0.05,0.02,1→4→2→3,3
learned_single,931,1–<5%,0.05,0.05,1→4→2→3,14
learned_single,938,≥10%,0.0,0.02,1→3→2→4,1
learned_single,938,≥10%,0.0,0.05,1→3→2→4,1
learned_single,938,≥10%,0.01,0.02,1→3→2→4,20
learned_single,938,≥10%,0.01,0.05,1→3→2→4,20
learned_single,938,≥10%,0.05,0.05,1→3→2→4,20
learned_single,938,≥10%,0.05,0.02,1→3→2→4,12
learned_single,939,1–<5%,0.0,0.02,3→2→1→4,1
learned_single,939,1–<5%,0.0,0.05,3→2→1→4,1
learned_single,939,1–<5%,0.01,0.02,3→2→1→4,20
learned_single,939,1–<5%,0.01,0.05,3→2→1→4,20
learned_single,939,1–<5%,0.05,0.02,3→2→1→4,8
learned_single,939,1–<5%,0.05,0.05,3→2→1→4,18
learned_single,944,1–<5%,0.0,0.05,4→2→1→3,1
learned_single,944,1–<5%,0.01,0.05,4→2→1→3,20
learned_single,944,1–<5%,0.05,0.05,4→2→1→3,9
learned_single,946,5–<10%,0.0,0.02,2→1→3→4,1
learned_single,946,5–<10%,0.0,0.05,2→1→3→4,1
learned_single,946,5–<10%,0.01,0.02,2→1→3→4,20
learned_single,946,5–<10%,0.01,0.05,2→1→3→4,20
learned_single,946,5–<10%,0.05,0.05,2→1→3→4,20
learned_single,946,5–<10%,0.05,0.02,2→1→3→4,17
learned_single,950,1–<5%,0.0,0.05,4→2→3→1,1
learned_single,950,1–<5%,0.01,0.05,4→2→3→1,16
learned_single,950,1–<5%,0.05,0.05,4→2→3→1,9
learned_single,954,<1%,0.0,0.02,3→2→4→1,1
learned_single,954,<1%,0.0,0.05,3→2→4→1,1
learned_single,954,<1%,0.01,0.02,3→2→4→1,20
learned_single,954,<1%,0.01,0.05,3→2→4→1,20
learned_single,954,<1%,0.05,0.02,3→2→4→1,14
learned_single,954,<1%,0.05,0.05,3→2→4→1,20
learned_single,967,≥10%,0.0,0.02,3→4→1→2,1
learned_single,967,≥10%,0.0,0.05,3→4→1→2,1
learned_single,967,≥10%,0.01,0.02,3→4→1→2,20
learned_single,967,≥10%,0.01,0.05,3→4→1→2,20
learned_single,967,≥10%,0.05,0.05,3→4→1→2,20
learned_single,967,≥10%,0.05,0.02,3→4→1→2,7
learned_single,982,1–<5%,0.01,0.05,3→1→4→2,1
learned_single,982,1–<5%,0.05,0.05,3→1→4→2,9
learned_single,982,1–<5%,0.05,0.02,3→1→4→2,1
learned_multi,3,≥10%,0.0,0.02,2→1→4→3,1
learned_multi,3,≥10%,0.0,0.05,2→1→4→3,1
learned_multi,3,≥10%,0.01,0.02,2→1→4→3,19
learned_multi,3,≥10%,0.01,0.05,2→1→4→3,20
learned_multi,3,≥10%,0.05,0.02,2→1→4→3,8
learned_multi,3,≥10%,0.05,0.05,2→1→4→3,19
learned_multi,8,5–<10%,0.0,0.02,4→2→3→1,1
learned_multi,8,5–<10%,0.0,0.05,4→2→3→1,1
learned_multi,8,5–<10%,0.01,0.02,4→2→3→1,11
learned_multi,8,5–<10%,0.01,0.05,4→2→3→1,16
learned_multi,8,5–<10%,0.05,0.05,4→2→3→1,4
learned_multi,8,5–<10%,0.05,0.02,4→2→3→1,2
learned_multi,15,≥10%,0.0,0.02,1→3→4→2,1
learned_multi,15,≥10%,0.0,0.05,1→3→4→2,1
learned_multi,15,≥10%,0.01,0.02,1→3→4→2,20
learned_multi,15,≥10%,0.01,0.05,1→3→4→2,20
learned_multi,15,≥10%,0.05,0.02,1→3→4→2,6
learned_multi,15,≥10%,0.05,0.05,1→3→4→2,17
learned_multi,28,≥10%,0.0,0.02,4→3→2→1,1
learned_multi,28,≥10%,0.0,0.05,4→3→2→1,1
learned_multi,28,≥10%,0.01,0.02,4→3→2→1,17
learned_multi,28,≥10%,0.01,0.05,4→3→2→1,20
learned_multi,28,≥10%,0.05,0.05,4→3→2→1,12
learned_multi,28,≥10%,0.05,0.02,4→3→2→1,2
learned_multi,40,5–<10%,0.0,0.02,4→2→3→1,1
learned_multi,40,5–<10%,0.0,0.05,4→2→3→1,1
learned_multi,40,5–<10%,0.01,0.02,4→2→3→1,18
learned_multi,40,5–<10%,0.01,0.05,4→2→3→1,20
learned_multi,40,5–<10%,0.05,0.02,4→2→3→1,5
learned_multi,40,5–<10%,0.05,0.05,4→2→3→1,12
learned_multi,43,<1%,0.01,0.05,1→2→4→3,2
learned_multi,45,≥10%,0.0,0.02,4→2→1→3,1
learned_multi,45,≥10%,0.0,0.05,4→2→1→3,1
learned_multi,45,≥10%,0.01,0.02,4→2→1→3,20
learned_multi,45,≥10%,0.01,0.05,4→2→1→3,20
learned_multi,45,≥10%,0.05,0.05,4→2→1→3,16
learned_multi,45,≥10%,0.05,0.02,4→2→1→3,5
learned_multi,47,5–<10%,0.0,0.02,4→2→3→1,1
learned_multi,47,5–<10%,0.0,0.05,4→2→3→1,1
learned_multi,47,5–<10%,0.01,0.02,4→2→3→1,20
learned_multi,47,5–<10%,0.01,0.05,4→2→3→1,20
learned_multi,47,5–<10%,0.05,0.02,4→2→3→1,6
learned_multi,47,5–<10%,0.05,0.05,4→2→3→1,18
learned_multi,80,≥10%,0.0,0.02,3→4→2→1,1
learned_multi,80,≥10%,0.0,0.05,3→4→2→1,1
learned_multi,80,≥10%,0.01,0.02,3→4→2→1,20
learned_multi,80,≥10%,0.01,0.05,3→4→2→1,20
learned_multi,80,≥10%,0.05,0.05,3→4→2→1,20
learned_multi,80,≥10%,0.05,0.02,3→4→2→1,8
learned_multi,83,≥10%,0.0,0.02,4→3→1→2,1
learned_multi,83,≥10%,0.0,0.05,4→3→1→2,1
learned_multi,83,≥10%,0.01,0.02,4→3→1→2,20
learned_multi,83,≥10%,0.01,0.05,4→3→1→2,20
learned_multi,83,≥10%,0.05,0.05,4→3→1→2,19
learned_multi,83,≥10%,0.05,0.02,4→3→1→2,10
learned_multi,86,≥10%,0.0,0.02,2→3→4→1,1
learned_multi,86,≥10%,0.0,0.05,2→3→4→1,1
learned_multi,86,≥10%,0.01,0.02,2→3→4→1,18
learned_multi,86,≥10%,0.01,0.05,2→3→4→1,20
learned_multi,86,≥10%,0.05,0.05,2→3→4→1,17
learned_multi,86,≥10%,0.05,0.02,2→3→4→1,6
learned_multi,101,<1%,0.0,0.02,2→1→3→4,1
learned_multi,101,<1%,0.0,0.05,2→1→3→4,1
learned_multi,101,<1%,0.01,0.05,2→1→3→4,16
learned_multi,101,<1%,0.01,0.02,2→1→3→4,12
learned_multi,101,<1%,0.01,0.02,1→3→4→2,1
learned_multi,101,<1%,0.01,0.05,1→3→4→2,2
learned_multi,101,<1%,0.05,0.02,1→3→4→2,1
learned_multi,101,<1%,0.05,0.05,1→3→4→2,1
learned_multi,101,<1%,0.05,0.05,2→1→3→4,6
learned_multi,101,<1%,0.05,0.02,2→1→3→4,3
learned_multi,117,<1%,0.0,0.05,4→1→2→3,1
learned_multi,117,<1%,0.01,0.05,2→3→1→4,2
learned_multi,117,<1%,0.01,0.02,4→1→2→3,3
learned_multi,117,<1%,0.01,0.05,4→1→2→3,15
learned_multi,117,<1%,0.05,0.02,4→1→2→3,9
learned_multi,117,<1%,0.05,0.05,4→1→2→3,13
learned_multi,117,<1%,0.05,0.05,2→3→1→4,1
learned_multi,140,1–<5%,0.0,0.02,3→2→1→4,1
learned_multi,140,1–<5%,0.0,0.05,3→2→1→4,1
learned_multi,140,1–<5%,0.01,0.02,3→2→1→4,20
learned_multi,140,1–<5%,0.01,0.05,3→2→1→4,20
learned_multi,140,1–<5%,0.05,0.02,3→2→1→4,9
learned_multi,140,1–<5%,0.05,0.05,3→2→1→4,17
learned_multi,154,≥10%,0.0,0.02,3→1→4→2,1
learned_multi,154,≥10%,0.0,0.05,3→1→4→2,1
learned_multi,154,≥10%,0.01,0.02,3→1→4→2,19
learned_multi,154,≥10%,0.01,0.05,3→1→4→2,20
learned_multi,154,≥10%,0.05,0.05,3→1→4→2,16
learned_multi,154,≥10%,0.05,0.02,3→1→4→2,2
learned_multi,165,1–<5%,0.01,0.05,3→4→1→2,1
learned_multi,165,1–<5%,0.05,0.05,3→4→1→2,5
learned_multi,174,<1%,0.01,0.05,2→1→4→3,3
learned_multi,185,<1%,0.01,0.05,3→2→4→1,4
learned_multi,186,1–<5%,0.01,0.02,2→4→1→3,5
learned_multi,186,1–<5%,0.01,0.05,2→4→1→3,9
learned_multi,186,1–<5%,0.05,0.05,2→4→1→3,6
learned_multi,236,≥10%,0.0,0.02,2→4→1→3,1
learned_multi,236,≥10%,0.0,0.05,2→4→1→3,1
learned_multi,236,≥10%,0.01,0.02,2→4→1→3,18
learned_multi,236,≥10%,0.01,0.05,2→4→1→3,20
learned_multi,236,≥10%,0.05,0.05,2→4→1→3,15
learned_multi,236,≥10%,0.05,0.02,2→4→1→3,4
learned_multi,246,≥10%,0.0,0.02,3→2→1→4,1
learned_multi,246,≥10%,0.0,0.05,3→2→1→4,1
learned_multi,246,≥10%,0.01,0.02,3→2→1→4,20
learned_multi,246,≥10%,0.01,0.05,3→2→1→4,20
learned_multi,246,≥10%,0.05,0.05,3→2→1→4,19
learned_multi,246,≥10%,0.05,0.02,3→2→1→4,9
learned_multi,248,≥10%,0.0,0.02,3→1→2→4,1
learned_multi,248,≥10%,0.0,0.05,3→1→2→4,1
learned_multi,248,≥10%,0.01,0.02,3→1→2→4,20
learned_multi,248,≥10%,0.01,0.05,3→1→2→4,20
learned_multi,248,≥10%,0.05,0.02,3→1→2→4,7
learned_multi,248,≥10%,0.05,0.05,3→1→2→4,17
learned_multi,250,≥10%,0.0,0.02,1→3→2→4,1
learned_multi,250,≥10%,0.0,0.05,1→3→2→4,1
learned_multi,250,≥10%,0.01,0.02,1→3→2→4,20
learned_multi,250,≥10%,0.01,0.05,1→3→2→4,20
learned_multi,250,≥10%,0.05,0.05,1→3→2→4,17
learned_multi,250,≥10%,0.05,0.02,1→3→2→4,8
learned_multi,281,1–<5%,0.0,0.05,4→2→1→3,1
learned_multi,281,1–<5%,0.01,0.05,4→2→1→3,20
learned_multi,281,1–<5%,0.05,0.05,4→2→1→3,15
learned_multi,281,1–<5%,0.05,0.02,4→2→1→3,1
learned_multi,312,1–<5%,0.0,0.05,1→4→3→2,1
learned_multi,312,1–<5%,0.01,0.05,1→4→3→2,18
learned_multi,312,1–<5%,0.01,0.02,1→4→3→2,1
learned_multi,312,1–<5%,0.05,0.05,1→4→3→2,3
learned_multi,322,≥10%,0.0,0.02,4→3→1→2,1
learned_multi,322,≥10%,0.0,0.05,4→3→1→2,1
learned_multi,322,≥10%,0.01,0.02,4→3→1→2,20
learned_multi,322,≥10%,0.01,0.05,4→3→1→2,20
learned_multi,322,≥10%,0.05,0.05,4→3→1→2,16
learned_multi,322,≥10%,0.05,0.02,4→3→1→2,4
learned_multi,329,1–<5%,0.0,0.02,2→3→1→4,1
learned_multi,329,1–<5%,0.0,0.05,2→3→1→4,1
learned_multi,329,1–<5%,0.01,0.05,2→3→1→4,20
learned_multi,329,1–<5%,0.01,0.02,2→3→1→4,12
learned_multi,329,1–<5%,0.05,0.05,2→3→1→4,5
learned_multi,329,1–<5%,0.05,0.02,2→3→1→4,1
learned_multi,353,5–<10%,0.0,0.02,3→1→4→2,1
learned_multi,353,5–<10%,0.0,0.05,3→1→4→2,1
learned_multi,353,5–<10%,0.01,0.02,3→1→4→2,20
learned_multi,353,5–<10%,0.01,0.05,3→1→4→2,20
learned_multi,353,5–<10%,0.05,0.02,3→1→4→2,16
learned_multi,353,5–<10%,0.05,0.05,3→1→4→2,19
learned_multi,363,<1%,0.05,0.05,4→1→3→2,3
learned_multi,364,5–<10%,0.0,0.02,4→1→3→2,1
learned_multi,364,5–<10%,0.0,0.05,4→1→3→2,1
learned_multi,364,5–<10%,0.01,0.02,4→1→3→2,16
learned_multi,364,5–<10%,0.01,0.05,4→1→3→2,20
learned_multi,364,5–<10%,0.05,0.02,4→1→3→2,3
learned_multi,364,5–<10%,0.05,0.05,4→1→3→2,13
learned_multi,366,<1%,0.01,0.05,1→4→2→3,1
learned_multi,366,<1%,0.01,0.05,1→2→3→4,1
learned_multi,366,<1%,0.05,0.05,1→2→3→4,2
learned_multi,366,<1%,0.05,0.05,1→4→2→3,1
learned_multi,391,1–<5%,0.05,0.05,2→3→4→1,5
learned_multi,391,1–<5%,0.05,0.02,2→3→4→1,1
learned_multi,391,1–<5%,0.05,0.05,2→1→3→4,1
learned_multi,418,1–<5%,0.0,0.02,1→2→4→3,1
learned_multi,418,1–<5%,0.0,0.05,1→2→4→3,1
learned_multi,418,1–<5%,0.01,0.02,1→2→4→3,12
learned_multi,418,1–<5%,0.01,0.05,1→2→4→3,20
learned_multi,418,1–<5%,0.05,0.05,1→2→4→3,14
learned_multi,418,1–<5%,0.05,0.02,1→2→4→3,5
learned_multi,428,1–<5%,0.0,0.02,4→3→2→1,1
learned_multi,428,1–<5%,0.0,0.05,4→3→2→1,1
learned_multi,428,1–<5%,0.01,0.02,4→3→2→1,13
learned_multi,428,1–<5%,0.01,0.05,4→3→2→1,19
learned_multi,428,1–<5%,0.05,0.05,4→3→2→1,7
learned_multi,428,1–<5%,0.05,0.02,4→3→2→1,3
learned_multi,434,5–<10%,0.0,0.02,1→2→4→3,1
learned_multi,434,5–<10%,0.0,0.05,1→2→4→3,1
learned_multi,434,5–<10%,0.01,0.02,1→2→4→3,15
learned_multi,434,5–<10%,0.01,0.05,1→2→4→3,20
learned_multi,434,5–<10%,0.05,0.05,1→2→4→3,19
learned_multi,434,5–<10%,0.05,0.02,1→2→4→3,7
learned_multi,437,<1%,0.05,0.05,2→3→1→4,1
learned_multi,448,5–<10%,0.05,0.05,1→2→3→4,5
learned_multi,450,5–<10%,0.0,0.02,1→4→2→3,1
learned_multi,450,5–<10%,0.0,0.05,1→4→2→3,1
learned_multi,450,5–<10%,0.01,0.02,1→4→2→3,20
learned_multi,450,5–<10%,0.01,0.05,1→4→2→3,20
learned_multi,450,5–<10%,0.05,0.05,1→4→2→3,18
learned_multi,450,5–<10%,0.05,0.02,1→4→2→3,7
learned_multi,456,≥10%,0.0,0.02,1→3→4→2,1
learned_multi,456,≥10%,0.0,0.05,1→3→4→2,1
learned_multi,456,≥10%,0.01,0.05,1→3→4→2,20
learned_multi,456,≥10%,0.01,0.02,1→3→4→2,16
learned_multi,456,≥10%,0.05,0.05,1→3→4→2,18
learned_multi,456,≥10%,0.05,0.02,1→3→4→2,3
learned_multi,492,5–<10%,0.05,0.05,4→2→1→3,4
learned_multi,494,1–<5%,0.0,0.02,2→1→4→3,1
learned_multi,494,1–<5%,0.0,0.05,2→1→4→3,1
learned_multi,494,1–<5%,0.01,0.02,2→1→4→3,9
learned_multi,494,1–<5%,0.01,0.05,2→1→4→3,17
learned_multi,494,1–<5%,0.05,0.05,2→1→4→3,9
learned_multi,494,1–<5%,0.05,0.02,2→1→4→3,5
learned_multi,506,5–<10%,0.01,0.05,3→1→2→4,3
learned_multi,506,5–<10%,0.01,0.02,3→1→2→4,1
learned_multi,506,5–<10%,0.05,0.02,3→1→2→4,1
learned_multi,506,5–<10%,0.05,0.05,3→1→2→4,5
learned_multi,531,1–<5%,0.0,0.05,2→3→1→4,1
learned_multi,531,1–<5%,0.01,0.05,2→3→1→4,16
learned_multi,531,1–<5%,0.05,0.05,2→3→1→4,7
learned_multi,532,1–<5%,0.01,0.05,3→2→4→1,4
learned_multi,532,1–<5%,0.05,0.05,3→2→4→1,4
learned_multi,536,5–<10%,0.05,0.05,3→2→1→4,1
learned_multi,547,5–<10%,0.05,0.05,1→3→2→4,5
learned_multi,564,≥10%,0.0,0.02,1→2→4→3,1
learned_multi,564,≥10%,0.0,0.05,1→2→4→3,1
learned_multi,564,≥10%,0.01,0.02,1→2→4→3,20
learned_multi,564,≥10%,0.01,0.05,1→2→4→3,20
learned_multi,564,≥10%,0.05,0.05,1→2→4→3,20
learned_multi,564,≥10%,0.05,0.02,1→2→4→3,10
learned_multi,573,1–<5%,0.0,0.05,4→1→3→2,1
learned_multi,573,1–<5%,0.01,0.05,4→1→3→2,17
learned_multi,573,1–<5%,0.01,0.02,4→1→3→2,6
learned_multi,573,1–<5%,0.05,0.05,4→1→3→2,4
learned_multi,573,1–<5%,0.05,0.02,4→1→3→2,1
learned_multi,575,5–<10%,0.0,0.05,4→2→1→3,1
learned_multi,575,5–<10%,0.01,0.05,4→2→1→3,18
learned_multi,575,5–<10%,0.05,0.02,4→2→1→3,4
learned_multi,575,5–<10%,0.05,0.05,4→2→1→3,8
learned_multi,579,<1%,0.0,0.05,4→3→1→2,1
learned_multi,579,<1%,0.01,0.02,4→3→1→2,7
learned_multi,579,<1%,0.01,0.05,4→3→1→2,9
learned_multi,579,<1%,0.05,0.02,4→3→1→2,3
learned_multi,579,<1%,0.05,0.05,4→3→1→2,7
learned_multi,579,<1%,0.05,0.02,2→4→3→1,1
learned_multi,579,<1%,0.05,0.05,2→4→3→1,4
learned_multi,591,≥10%,0.0,0.02,3→2→4→1,1
learned_multi,591,≥10%,0.0,0.05,3→2→4→1,1
learned_multi,591,≥10%,0.01,0.02,3→2→4→1,20
learned_multi,591,≥10%,0.01,0.05,3→2→4→1,20
learned_multi,591,≥10%,0.05,0.05,3→2→4→1,19
learned_multi,591,≥10%,0.05,0.02,3→2→4→1,6
learned_multi,601,5–<10%,0.0,0.02,1→4→3→2,1
learned_multi,601,5–<10%,0.0,0.05,1→4→3→2,1
learned_multi,601,5–<10%,0.01,0.02,1→4→3→2,19
learned_multi,601,5–<10%,0.01,0.05,1→4→3→2,20
learned_multi,601,5–<10%,0.05,0.05,1→4→3→2,12
learned_multi,601,5–<10%,0.05,0.02,1→4→3→2,3
learned_multi,606,<1%,0.0,0.05,4→3→1→2,1
learned_multi,606,<1%,0.01,0.05,4→3→1→2,20
learned_multi,606,<1%,0.05,0.05,4→3→1→2,12
learned_multi,641,≥10%,0.0,0.02,3→1→4→2,1
learned_multi,641,≥10%,0.0,0.05,3→1→4→2,1
learned_multi,641,≥10%,0.01,0.02,3→1→4→2,20
learned_multi,641,≥10%,0.01,0.05,3→1→4→2,20
learned_multi,641,≥10%,0.05,0.05,3→1→4→2,16
learned_multi,641,≥10%,0.05,0.02,3→1→4→2,6
learned_multi,647,<1%,0.01,0.05,2→3→1→4,3
learned_multi,647,<1%,0.05,0.05,4→2→3→1,1
learned_multi,648,5–<10%,0.0,0.02,3→2→1→4,1
learned_multi,648,5–<10%,0.0,0.05,3→2→1→4,1
learned_multi,648,5–<10%,0.01,0.02,3→2→1→4,20
learned_multi,648,5–<10%,0.01,0.05,3→2→1→4,20
learned_multi,648,5–<10%,0.05,0.02,3→2→1→4,5
learned_multi,648,5–<10%,0.05,0.05,3→2→1→4,16
learned_multi,660,<1%,0.0,0.02,2→1→3→4,1
learned_multi,660,<1%,0.0,0.05,2→1→3→4,1
learned_multi,660,<1%,0.01,0.02,2→1→3→4,12
learned_multi,660,<1%,0.01,0.05,2→1→3→4,18
learned_multi,660,<1%,0.05,0.05,2→1→3→4,7
learned_multi,660,<1%,0.05,0.02,2→1→3→4,3
learned_multi,690,<1%,0.05,0.05,3→2→1→4,1
learned_multi,712,5–<10%,0.0,0.02,3→2→4→1,1
learned_multi,712,5–<10%,0.0,0.05,3→2→4→1,1
learned_multi,712,5–<10%,0.01,0.02,3→2→4→1,20
learned_multi,712,5–<10%,0.01,0.05,3→2→4→1,20
learned_multi,712,5–<10%,0.05,0.05,3→2→4→1,20
learned_multi,712,5–<10%,0.05,0.02,3→2→4→1,4
learned_multi,722,<1%,0.01,0.05,1→4→2→3,4
learned_multi,722,<1%,0.01,0.05,3→1→4→2,3
learned_multi,722,<1%,0.05,0.05,3→1→4→2,6
learned_multi,722,<1%,0.05,0.02,3→1→4→2,1
learned_multi,731,<1%,0.01,0.05,2→1→4→3,1
learned_multi,731,<1%,0.05,0.05,2→1→4→3,2
learned_multi,731,<1%,0.05,0.02,2→1→4→3,1
learned_multi,749,<1%,0.01,0.05,2→4→1→3,1
learned_multi,776,5–<10%,0.0,0.02,2→4→3→1,1
learned_multi,776,5–<10%,0.0,0.05,2→4→3→1,1
learned_multi,776,5–<10%,0.01,0.02,2→4→3→1,20
learned_multi,776,5–<10%,0.01,0.05,2→4→3→1,20
learned_multi,776,5–<10%,0.05,0.05,2→4→3→1,15
learned_multi,776,5–<10%,0.05,0.02,2→4→3→1,5
learned_multi,777,1–<5%,0.0,0.02,2→1→3→4,1
learned_multi,777,1–<5%,0.0,0.05,2→1→3→4,1
learned_multi,777,1–<5%,0.01,0.02,2→1→3→4,20
learned_multi,777,1–<5%,0.01,0.05,2→1→3→4,20
learned_multi,777,1–<5%,0.05,0.02,2→1→3→4,6
learned_multi,777,1–<5%,0.05,0.05,2→1→3→4,11
learned_multi,784,5–<10%,0.0,0.02,4→3→1→2,1
learned_multi,784,5–<10%,0.0,0.05,4→3→1→2,1
learned_multi,784,5–<10%,0.01,0.02,4→3→1→2,20
learned_multi,784,5–<10%,0.01,0.05,4→3→1→2,20
learned_multi,784,5–<10%,0.05,0.02,4→3→1→2,14
learned_multi,784,5–<10%,0.05,0.05,4→3→1→2,16
learned_multi,789,5–<10%,0.05,0.05,3→1→2→4,2
learned_multi,789,5–<10%,0.05,0.02,3→1→2→4,1
learned_multi,792,5–<10%,0.0,0.02,1→4→2→3,1
learned_multi,792,5–<10%,0.0,0.05,1→4→2→3,1
learned_multi,792,5–<10%,0.01,0.02,1→4→2→3,20
learned_multi,792,5–<10%,0.01,0.05,1→4→2→3,20
learned_multi,792,5–<10%,0.05,0.05,1→4→2→3,9
learned_multi,792,5–<10%,0.05,0.02,1→4→2→3,3
learned_multi,797,1–<5%,0.0,0.05,2→1→3→4,1
learned_multi,797,1–<5%,0.01,0.05,2→1→3→4,14
learned_multi,797,1–<5%,0.01,0.02,2→1→3→4,1
learned_multi,797,1–<5%,0.05,0.05,2→1→3→4,7
learned_multi,797,1–<5%,0.05,0.02,1→3→4→2,2
learned_multi,797,1–<5%,0.05,0.05,1→3→4→2,3
learned_multi,804,≥10%,0.0,0.02,2→3→1→4,1
learned_multi,804,≥10%,0.0,0.05,2→3→1→4,1
learned_multi,804,≥10%,0.01,0.02,2→3→1→4,20
learned_multi,804,≥10%,0.01,0.05,2→3→1→4,20
learned_multi,804,≥10%,0.05,0.05,2→3→1→4,20
learned_multi,804,≥10%,0.05,0.02,2→3→1→4,10
learned_multi,820,<1%,0.01,0.02,3→1→4→2,4
learned_multi,820,<1%,0.01,0.05,3→1→4→2,6
learned_multi,822,5–<10%,0.05,0.05,2→1→4→3,3
learned_multi,841,≥10%,0.0,0.02,2→4→3→1,1
learned_multi,841,≥10%,0.0,0.05,2→4→3→1,1
learned_multi,841,≥10%,0.01,0.02,2→4→3→1,20
learned_multi,841,≥10%,0.01,0.05,2→4→3→1,20
learned_multi,841,≥10%,0.05,0.02,2→4→3→1,8
learned_multi,841,≥10%,0.05,0.05,2→4→3→1,20
learned_multi,851,1–<5%,0.0,0.05,4→2→1→3,1
learned_multi,851,1–<5%,0.01,0.02,4→2→1→3,12
learned_multi,851,1–<5%,0.01,0.05,4→2→1→3,20
learned_multi,851,1–<5%,0.05,0.02,4→2→1→3,8
learned_multi,851,1–<5%,0.05,0.05,4→2→1→3,15
learned_multi,870,≥10%,0.0,0.02,4→2→3→1,1
learned_multi,870,≥10%,0.0,0.05,4→2→3→1,1
learned_multi,870,≥10%,0.01,0.02,4→2→3→1,19
learned_multi,870,≥10%,0.01,0.05,4→2→3→1,19
learned_multi,870,≥10%,0.05,0.05,4→2→3→1,17
learned_multi,870,≥10%,0.05,0.02,4→2→3→1,10
learned_multi,877,5–<10%,0.0,0.02,1→2→3→4,1
learned_multi,877,5–<10%,0.0,0.05,1→2→3→4,1
learned_multi,877,5–<10%,0.01,0.05,1→2→3→4,20
learned_multi,877,5–<10%,0.01,0.02,1→2→3→4,12
learned_multi,877,5–<10%,0.05,0.05,1→2→3→4,8
learned_multi,877,5–<10%,0.05,0.02,1→2→3→4,5
learned_multi,884,≥10%,0.0,0.02,4→3→1→2,1
learned_multi,884,≥10%,0.0,0.05,4→3→1→2,1
learned_multi,884,≥10%,0.01,0.02,4→3→1→2,18
learned_multi,884,≥10%,0.01,0.05,4→3→1→2,20
learned_multi,884,≥10%,0.05,0.05,4→3→1→2,16
learned_multi,884,≥10%,0.05,0.02,4→3→1→2,9
learned_multi,887,<1%,0.05,0.05,2→3→4→1,1
learned_multi,888,5–<10%,0.0,0.02,3→1→4→2,1
learned_multi,888,5–<10%,0.0,0.05,3→1→4→2,1
learned_multi,888,5–<10%,0.01,0.02,3→1→4→2,12
learned_multi,888,5–<10%,0.01,0.05,3→1→4→2,20
learned_multi,888,5–<10%,0.05,0.05,3→1→4→2,15
learned_multi,888,5–<10%,0.05,0.02,3→1→4→2,3
learned_multi,896,≥10%,0.0,0.02,3→4→1→2,1
learned_multi,896,≥10%,0.0,0.05,3→4→1→2,1
learned_multi,896,≥10%,0.01,0.02,3→4→1→2,20
learned_multi,896,≥10%,0.01,0.05,3→4→1→2,20
learned_multi,896,≥10%,0.05,0.05,3→4→1→2,17
learned_multi,896,≥10%,0.05,0.02,3→4→1→2,7
learned_multi,899,≥10%,0.0,0.02,4→1→3→2,1
learned_multi,899,≥10%,0.0,0.05,4→1→3→2,1
learned_multi,899,≥10%,0.01,0.02,4→1→3→2,20
learned_multi,899,≥10%,0.01,0.05,4→1→3→2,20
learned_multi,899,≥10%,0.05,0.05,4→1→3→2,14
learned_multi,899,≥10%,0.05,0.02,4→1→3→2,6
learned_multi,904,5–<10%,0.0,0.02,2→4→1→3,1
learned_multi,904,5–<10%,0.0,0.05,2→4→1→3,1
learned_multi,904,5–<10%,0.01,0.02,2→4→1→3,19
learned_multi,904,5–<10%,0.01,0.05,2→4→1→3,20
learned_multi,904,5–<10%,0.05,0.05,2→4→1→3,13
learned_multi,904,5–<10%,0.05,0.02,2→4→1→3,5
learned_multi,930,1–<5%,0.0,0.02,4→2→3→1,1
learned_multi,930,1–<5%,0.0,0.05,4→2→3→1,1
learned_multi,930,1–<5%,0.01,0.02,4→2→3→1,7
learned_multi,930,1–<5%,0.01,0.05,4→2→3→1,8
learned_multi,930,1–<5%,0.05,0.05,4→2→3→1,4
learned_multi,931,1–<5%,0.0,0.02,1→4→2→3,1
learned_multi,931,1–<5%,0.0,0.05,1→4→2→3,1
learned_multi,931,1–<5%,0.01,0.02,1→4→2→3,16
learned_multi,931,1–<5%,0.01,0.05,1→4→2→3,18
learned_multi,931,1–<5%,0.05,0.05,1→4→2→3,9
learned_multi,931,1–<5%,0.05,0.05,2→3→4→1,1
learned_multi,931,1–<5%,0.05,0.02,1→4→2→3,4
learned_multi,938,≥10%,0.0,0.02,1→3→2→4,1
learned_multi,938,≥10%,0.0,0.05,1→3→2→4,1
learned_multi,938,≥10%,0.01,0.02,1→3→2→4,20
learned_multi,938,≥10%,0.01,0.05,1→3→2→4,20
learned_multi,938,≥10%,0.05,0.02,1→3→2→4,7
learned_multi,938,≥10%,0.05,0.05,1→3→2→4,17
learned_multi,939,1–<5%,0.0,0.02,3→2→1→4,1
learned_multi,939,1–<5%,0.0,0.05,3→2→1→4,1
learned_multi,939,1–<5%,0.01,0.02,3→2→1→4,18
learned_multi,939,1–<5%,0.01,0.05,3→2→1→4,20
learned_multi,939,1–<5%,0.05,0.02,3→2→1→4,5
learned_multi,939,1–<5%,0.05,0.05,3→2→1→4,15
learned_multi,944,1–<5%,0.01,0.05,4→2→1→3,2
learned_multi,946,5–<10%,0.0,0.02,2→1→3→4,1
learned_multi,946,5–<10%,0.0,0.05,2→1→3→4,1
learned_multi,946,5–<10%,0.01,0.02,2→1→3→4,20
learned_multi,946,5–<10%,0.01,0.05,2→1→3→4,20
learned_multi,946,5–<10%,0.05,0.02,2→1→3→4,9
learned_multi,946,5–<10%,0.05,0.05,2→1→3→4,18
learned_multi,950,1–<5%,0.05,0.05,4→2→1→3,2
learned_multi,967,≥10%,0.0,0.02,3→4→1→2,1
learned_multi,967,≥10%,0.0,0.05,3→4→1→2,1
learned_multi,967,≥10%,0.01,0.02,3→4→1→2,20
learned_multi,967,≥10%,0.01,0.05,3→4→1→2,20
learned_multi,967,≥10%,0.05,0.02,3→4→1→2,15
learned_multi,967,≥10%,0.05,0.05,3→4→1→2,20
learned_multi,982,1–<5%,0.01,0.05,3→1→4→2,1
learned_multi,982,1–<5%,0.05,0.05,3→1→4→2,1
analytic_single,3,≥10%,0.0,0.02,2→1→4→3,1
analytic_single,3,≥10%,0.0,0.05,2→1→4→3,1
analytic_single,3,≥10%,0.01,0.02,2→1→4→3,20
analytic_single,3,≥10%,0.01,0.05,2→1→4→3,20
analytic_single,3,≥10%,0.05,0.02,2→1→4→3,14
analytic_single,3,≥10%,0.05,0.05,2→1→4→3,20
analytic_single,8,5–<10%,0.0,0.02,4→2→3→1,1
analytic_single,8,5–<10%,0.0,0.05,4→2→3→1,1
analytic_single,8,5–<10%,0.01,0.02,4→2→3→1,20
analytic_single,8,5–<10%,0.01,0.05,4→2→3→1,20
analytic_single,8,5–<10%,0.05,0.05,4→2→3→1,20
analytic_single,8,5–<10%,0.05,0.02,4→2→3→1,13
analytic_single,15,≥10%,0.0,0.02,1→3→4→2,1
analytic_single,15,≥10%,0.0,0.05,1→3→4→2,1
analytic_single,15,≥10%,0.01,0.02,1→3→4→2,20
analytic_single,15,≥10%,0.01,0.05,1→3→4→2,20
analytic_single,15,≥10%,0.05,0.02,1→3→4→2,6
analytic_single,15,≥10%,0.05,0.05,1→3→4→2,17
analytic_single,28,≥10%,0.0,0.02,4→3→2→1,1
analytic_single,28,≥10%,0.0,0.05,4→3→2→1,1
analytic_single,28,≥10%,0.01,0.02,4→3→2→1,20
analytic_single,28,≥10%,0.01,0.05,4→3→2→1,20
analytic_single,28,≥10%,0.05,0.02,4→3→2→1,13
analytic_single,28,≥10%,0.05,0.05,4→3→2→1,18
analytic_single,40,5–<10%,0.0,0.02,4→2→3→1,1
analytic_single,40,5–<10%,0.0,0.05,4→2→3→1,1
analytic_single,40,5–<10%,0.01,0.02,4→2→3→1,20
analytic_single,40,5–<10%,0.01,0.05,4→2→3→1,20
analytic_single,40,5–<10%,0.05,0.02,4→2→3→1,10
analytic_single,40,5–<10%,0.05,0.05,4→2→3→1,17
analytic_single,43,<1%,0.0,0.02,3→4→2→1,1
analytic_single,43,<1%,0.0,0.05,3→4→2→1,1
analytic_single,43,<1%,0.01,0.02,3→4→2→1,20
analytic_single,43,<1%,0.01,0.05,3→4→2→1,20
analytic_single,43,<1%,0.05,0.02,3→4→2→1,14
analytic_single,43,<1%,0.05,0.05,3→4→2→1,20
analytic_single,45,≥10%,0.0,0.02,4→2→1→3,1
analytic_single,45,≥10%,0.0,0.05,4→2→1→3,1
analytic_single,45,≥10%,0.01,0.02,4→2→1→3,20
analytic_single,45,≥10%,0.01,0.05,4→2→1→3,20
analytic_single,45,≥10%,0.05,0.05,4→2→1→3,18
analytic_single,45,≥10%,0.05,0.02,4→2→1→3,5
analytic_single,47,5–<10%,0.0,0.02,4→2→3→1,1
analytic_single,47,5–<10%,0.0,0.05,4→2→3→1,1
analytic_single,47,5–<10%,0.01,0.02,4→2→3→1,20
analytic_single,47,5–<10%,0.01,0.05,4→2→3→1,20
analytic_single,47,5–<10%,0.05,0.02,4→2→3→1,10
analytic_single,47,5–<10%,0.05,0.05,4→2→3→1,18
analytic_single,80,≥10%,0.0,0.02,3→4→2→1,1
analytic_single,80,≥10%,0.0,0.05,3→4→2→1,1
analytic_single,80,≥10%,0.01,0.02,3→4→2→1,20
analytic_single,80,≥10%,0.01,0.05,3→4→2→1,20
analytic_single,80,≥10%,0.05,0.05,3→4→2→1,20
analytic_single,80,≥10%,0.05,0.02,3→4→2→1,11
analytic_single,83,≥10%,0.0,0.02,4→3→1→2,1
analytic_single,83,≥10%,0.0,0.05,4→3→1→2,1
analytic_single,83,≥10%,0.01,0.02,4→3→1→2,20
analytic_single,83,≥10%,0.01,0.05,4→3→1→2,20
analytic_single,83,≥10%,0.05,0.05,4→3→1→2,19
analytic_single,83,≥10%,0.05,0.02,4→3→1→2,7
analytic_single,86,≥10%,0.0,0.02,2→3→4→1,1
analytic_single,86,≥10%,0.0,0.05,2→3→4→1,1
analytic_single,86,≥10%,0.01,0.02,2→3→4→1,20
analytic_single,86,≥10%,0.01,0.05,2→3→4→1,20
analytic_single,86,≥10%,0.05,0.02,2→3→4→1,16
analytic_single,86,≥10%,0.05,0.05,2→3→4→1,20
analytic_single,101,<1%,0.0,0.02,2→1→3→4,1
analytic_single,101,<1%,0.0,0.05,2→1→3→4,1
analytic_single,101,<1%,0.01,0.02,2→1→3→4,20
analytic_single,101,<1%,0.01,0.05,2→1→3→4,20
analytic_single,101,<1%,0.05,0.02,2→1→3→4,12
analytic_single,101,<1%,0.05,0.05,2→1→3→4,20
analytic_single,117,<1%,0.0,0.02,2→3→1→4,1
analytic_single,117,<1%,0.0,0.05,2→3→1→4,1
analytic_single,117,<1%,0.01,0.02,2→3→1→4,20
analytic_single,117,<1%,0.01,0.05,2→3→1→4,20
analytic_single,117,<1%,0.05,0.02,2→3→1→4,10
analytic_single,117,<1%,0.05,0.05,2→3→1→4,20
analytic_single,140,1–<5%,0.0,0.02,3→2→1→4,1
analytic_single,140,1–<5%,0.0,0.05,3→2→1→4,1
analytic_single,140,1–<5%,0.01,0.02,3→2→1→4,20
analytic_single,140,1–<5%,0.01,0.05,3→2→1→4,20
analytic_single,140,1–<5%,0.05,0.02,3→2→1→4,12
analytic_single,140,1–<5%,0.05,0.05,3→2→1→4,20
analytic_single,149,<1%,0.0,0.02,3→2→1→4,1
analytic_single,149,<1%,0.0,0.05,3→2→1→4,1
analytic_single,149,<1%,0.01,0.02,3→2→1→4,20
analytic_single,149,<1%,0.01,0.05,3→2→1→4,20
analytic_single,149,<1%,0.05,0.02,3→2→1→4,13
analytic_single,149,<1%,0.05,0.05,3→2→1→4,20
analytic_single,154,≥10%,0.0,0.02,3→1→4→2,1
analytic_single,154,≥10%,0.0,0.05,3→1→4→2,1
analytic_single,154,≥10%,0.01,0.02,3→1→4→2,20
analytic_single,154,≥10%,0.01,0.05,3→1→4→2,20
analytic_single,154,≥10%,0.05,0.05,3→1→4→2,17
analytic_single,154,≥10%,0.05,0.02,3→1→4→2,5
analytic_single,165,1–<5%,0.0,0.02,3→4→1→2,1
analytic_single,165,1–<5%,0.0,0.05,3→4→1→2,1
analytic_single,165,1–<5%,0.01,0.02,3→4→1→2,20
analytic_single,165,1–<5%,0.01,0.05,3→4→1→2,20
analytic_single,165,1–<5%,0.05,0.05,3→4→1→2,20
analytic_single,165,1–<5%,0.05,0.02,3→4→1→2,9
analytic_single,174,<1%,0.0,0.02,2→1→4→3,1
analytic_single,174,<1%,0.0,0.05,2→1→4→3,1
analytic_single,174,<1%,0.01,0.02,2→1→4→3,20
analytic_single,174,<1%,0.01,0.05,2→1→4→3,20
analytic_single,174,<1%,0.05,0.05,2→1→4→3,18
analytic_single,174,<1%,0.05,0.02,2→1→4→3,9
analytic_single,185,<1%,0.0,0.02,3→2→4→1,1
analytic_single,185,<1%,0.0,0.05,3→2→4→1,1
analytic_single,185,<1%,0.01,0.02,3→2→4→1,20
analytic_single,185,<1%,0.01,0.05,3→2→4→1,20
analytic_single,185,<1%,0.05,0.05,3→2→4→1,20
analytic_single,185,<1%,0.05,0.02,3→2→4→1,9
analytic_single,186,1–<5%,0.0,0.02,2→4→1→3,1
analytic_single,186,1–<5%,0.0,0.05,2→4→1→3,1
analytic_single,186,1–<5%,0.01,0.02,2→4→1→3,20
analytic_single,186,1–<5%,0.01,0.05,2→4→1→3,20
analytic_single,186,1–<5%,0.05,0.02,2→4→1→3,11
analytic_single,186,1–<5%,0.05,0.05,2→4→1→3,17
analytic_single,187,1–<5%,0.0,0.02,3→2→1→4,1
analytic_single,187,1–<5%,0.0,0.05,3→2→1→4,1
analytic_single,187,1–<5%,0.01,0.02,3→2→1→4,20
analytic_single,187,1–<5%,0.01,0.05,3→2→1→4,20
analytic_single,187,1–<5%,0.05,0.05,3→2→1→4,17
analytic_single,187,1–<5%,0.05,0.02,3→2→1→4,9
analytic_single,236,≥10%,0.0,0.02,2→4→1→3,1
analytic_single,236,≥10%,0.0,0.05,2→4→1→3,1
analytic_single,236,≥10%,0.01,0.02,2→4→1→3,20
analytic_single,236,≥10%,0.01,0.05,2→4→1→3,20
analytic_single,236,≥10%,0.05,0.02,2→4→1→3,7
analytic_single,236,≥10%,0.05,0.05,2→4→1→3,18
analytic_single,246,≥10%,0.0,0.02,3→2→1→4,1
analytic_single,246,≥10%,0.0,0.05,3→2→1→4,1
analytic_single,246,≥10%,0.01,0.02,3→2→1→4,20
analytic_single,246,≥10%,0.01,0.05,3→2→1→4,20
analytic_single,246,≥10%,0.05,0.05,3→2→1→4,20
analytic_single,246,≥10%,0.05,0.02,3→2→1→4,12
analytic_single,248,≥10%,0.0,0.02,3→1→2→4,1
analytic_single,248,≥10%,0.0,0.05,3→1→2→4,1
analytic_single,248,≥10%,0.01,0.02,3→1→2→4,20
analytic_single,248,≥10%,0.01,0.05,3→1→2→4,20
analytic_single,248,≥10%,0.05,0.05,3→1→2→4,19
analytic_single,248,≥10%,0.05,0.02,3→1→2→4,13
analytic_single,250,≥10%,0.0,0.02,1→3→2→4,1
analytic_single,250,≥10%,0.0,0.05,1→3→2→4,1
analytic_single,250,≥10%,0.01,0.02,1→3→2→4,20
analytic_single,250,≥10%,0.01,0.05,1→3→2→4,20
analytic_single,250,≥10%,0.05,0.02,1→3→2→4,11
analytic_single,250,≥10%,0.05,0.05,1→3→2→4,19
analytic_single,281,1–<5%,0.0,0.02,4→2→1→3,1
analytic_single,281,1–<5%,0.0,0.05,4→2→1→3,1
analytic_single,281,1–<5%,0.01,0.02,4→2→1→3,20
analytic_single,281,1–<5%,0.01,0.05,4→2→1→3,20
analytic_single,281,1–<5%,0.05,0.05,4→2→1→3,20
analytic_single,281,1–<5%,0.05,0.02,4→2→1→3,11
analytic_single,312,1–<5%,0.0,0.02,1→4→3→2,1
analytic_single,312,1–<5%,0.0,0.05,1→4→3→2,1
analytic_single,312,1–<5%,0.01,0.02,1→4→3→2,20
analytic_single,312,1–<5%,0.01,0.05,1→4→3→2,20
analytic_single,312,1–<5%,0.05,0.02,1→4→3→2,11
analytic_single,312,1–<5%,0.05,0.05,1→4→3→2,19
analytic_single,322,≥10%,0.0,0.02,4→3→1→2,1
analytic_single,322,≥10%,0.0,0.05,4→3→1→2,1
analytic_single,322,≥10%,0.01,0.02,4→3→1→2,20
analytic_single,322,≥10%,0.01,0.05,4→3→1→2,20
analytic_single,322,≥10%,0.05,0.05,4→3→1→2,18
analytic_single,322,≥10%,0.05,0.02,4→3→1→2,6
analytic_single,329,1–<5%,0.0,0.02,2→3→1→4,1
analytic_single,329,1–<5%,0.0,0.05,2→3→1→4,1
analytic_single,329,1–<5%,0.01,0.02,2→3→1→4,20
analytic_single,329,1–<5%,0.01,0.05,2→3→1→4,20
analytic_single,329,1–<5%,0.05,0.02,2→3→1→4,8
analytic_single,329,1–<5%,0.05,0.05,2→3→1→4,18
analytic_single,332,<1%,0.0,0.02,3→2→1→4,1
analytic_single,332,<1%,0.0,0.05,3→2→1→4,1
analytic_single,332,<1%,0.01,0.02,3→2→1→4,20
analytic_single,332,<1%,0.01,0.05,3→2→1→4,20
analytic_single,332,<1%,0.05,0.02,3→2→1→4,17
analytic_single,332,<1%,0.05,0.05,3→2→1→4,20
analytic_single,353,5–<10%,0.0,0.02,3→1→4→2,1
analytic_single,353,5–<10%,0.0,0.05,3→1→4→2,1
analytic_single,353,5–<10%,0.01,0.02,3→1→4→2,20
analytic_single,353,5–<10%,0.01,0.05,3→1→4→2,20
analytic_single,353,5–<10%,0.05,0.02,3→1→4→2,15
analytic_single,353,5–<10%,0.05,0.05,3→1→4→2,20
analytic_single,363,<1%,0.0,0.02,4→1→3→2,1
analytic_single,363,<1%,0.0,0.05,4→1→3→2,1
analytic_single,363,<1%,0.01,0.02,4→1→3→2,20
analytic_single,363,<1%,0.01,0.05,4→1→3→2,20
analytic_single,363,<1%,0.05,0.02,4→1→3→2,7
analytic_single,363,<1%,0.05,0.05,4→1→3→2,18
analytic_single,364,5–<10%,0.0,0.02,4→1→3→2,1
analytic_single,364,5–<10%,0.0,0.05,4→1→3→2,1
analytic_single,364,5–<10%,0.01,0.02,4→1→3→2,20
analytic_single,364,5–<10%,0.01,0.05,4→1→3→2,20
analytic_single,364,5–<10%,0.05,0.02,4→1→3→2,8
analytic_single,364,5–<10%,0.05,0.05,4→1→3→2,20
analytic_single,366,<1%,0.0,0.02,1→2→3→4,1
analytic_single,366,<1%,0.0,0.05,1→2→3→4,1
analytic_single,366,<1%,0.01,0.02,1→2→3→4,19
analytic_single,366,<1%,0.01,0.05,1→2→3→4,20
analytic_single,366,<1%,0.05,0.05,1→2→3→4,15
analytic_single,366,<1%,0.05,0.02,1→2→3→4,6
analytic_single,379,<1%,0.0,0.02,4→1→2→3,1
analytic_single,379,<1%,0.0,0.05,4→1→2→3,1
analytic_single,379,<1%,0.01,0.02,4→1→2→3,20
analytic_single,379,<1%,0.01,0.05,4→1→2→3,20
analytic_single,379,<1%,0.05,0.02,4→1→2→3,11
analytic_single,379,<1%,0.05,0.05,4→1→2→3,19
analytic_single,391,1–<5%,0.0,0.02,2→1→3→4,1
analytic_single,391,1–<5%,0.0,0.05,2→1→3→4,1
analytic_single,391,1–<5%,0.01,0.02,2→1→3→4,20
analytic_single,391,1–<5%,0.01,0.05,2→1→3→4,20
analytic_single,391,1–<5%,0.05,0.05,2→1→3→4,20
analytic_single,391,1–<5%,0.05,0.02,2→1→3→4,12
analytic_single,418,1–<5%,0.0,0.02,1→2→4→3,1
analytic_single,418,1–<5%,0.0,0.05,1→2→4→3,1
analytic_single,418,1–<5%,0.01,0.02,1→2→4→3,20
analytic_single,418,1–<5%,0.01,0.05,1→2→4→3,20
analytic_single,418,1–<5%,0.05,0.05,1→2→4→3,20
analytic_single,418,1–<5%,0.05,0.02,1→2→4→3,11
analytic_single,428,1–<5%,0.0,0.02,4→3→2→1,1
analytic_single,428,1–<5%,0.0,0.05,4→3→2→1,1
analytic_single,428,1–<5%,0.01,0.02,4→3→2→1,20
analytic_single,428,1–<5%,0.01,0.05,4→3→2→1,20
analytic_single,428,1–<5%,0.05,0.02,4→3→2→1,13
analytic_single,428,1–<5%,0.05,0.05,4→3→2→1,20
analytic_single,434,5–<10%,0.0,0.02,1→2→4→3,1
analytic_single,434,5–<10%,0.0,0.05,1→2→4→3,1
analytic_single,434,5–<10%,0.01,0.02,1→2→4→3,20
analytic_single,434,5–<10%,0.01,0.05,1→2→4→3,20
analytic_single,434,5–<10%,0.05,0.02,1→2→4→3,8
analytic_single,434,5–<10%,0.05,0.05,1→2→4→3,17
analytic_single,437,<1%,0.0,0.02,2→3→1→4,1
analytic_single,437,<1%,0.0,0.05,2→3→1→4,1
analytic_single,437,<1%,0.01,0.02,2→3→1→4,20
analytic_single,437,<1%,0.01,0.05,2→3→1→4,20
analytic_single,437,<1%,0.05,0.05,2→3→1→4,20
analytic_single,437,<1%,0.05,0.02,2→3→1→4,14
analytic_single,448,5–<10%,0.0,0.02,1→2→3→4,1
analytic_single,448,5–<10%,0.0,0.05,1→2→3→4,1
analytic_single,448,5–<10%,0.01,0.02,1→2→3→4,20
analytic_single,448,5–<10%,0.01,0.05,1→2→3→4,20
analytic_single,448,5–<10%,0.05,0.05,1→2→3→4,15
analytic_single,448,5–<10%,0.05,0.02,1→2→3→4,3
analytic_single,450,5–<10%,0.0,0.02,1→4→2→3,1
analytic_single,450,5–<10%,0.0,0.05,1→4→2→3,1
analytic_single,450,5–<10%,0.01,0.02,1→4→2→3,20
analytic_single,450,5–<10%,0.01,0.05,1→4→2→3,20
analytic_single,450,5–<10%,0.05,0.02,1→4→2→3,9
analytic_single,450,5–<10%,0.05,0.05,1→4→2→3,18
analytic_single,456,≥10%,0.0,0.02,1→3→4→2,1
analytic_single,456,≥10%,0.0,0.05,1→3→4→2,1
analytic_single,456,≥10%,0.01,0.02,1→3→4→2,20
analytic_single,456,≥10%,0.01,0.05,1→3→4→2,20
analytic_single,456,≥10%,0.05,0.05,1→3→4→2,19
analytic_single,456,≥10%,0.05,0.02,1→3→4→2,11
analytic_single,492,5–<10%,0.0,0.02,4→2→1→3,1
analytic_single,492,5–<10%,0.0,0.05,4→2→1→3,1
analytic_single,492,5–<10%,0.01,0.02,4→2→1→3,20
analytic_single,492,5–<10%,0.01,0.05,4→2→1→3,20
analytic_single,492,5–<10%,0.05,0.02,4→2→1→3,10
analytic_single,492,5–<10%,0.05,0.05,4→2→1→3,20
analytic_single,494,1–<5%,0.0,0.02,2→1→4→3,1
analytic_single,494,1–<5%,0.0,0.05,2→1→4→3,1
analytic_single,494,1–<5%,0.01,0.02,2→1→4→3,20
analytic_single,494,1–<5%,0.01,0.05,2→1→4→3,20
analytic_single,494,1–<5%,0.05,0.02,2→1→4→3,15
analytic_single,494,1–<5%,0.05,0.05,2→1→4→3,20
analytic_single,506,5–<10%,0.0,0.02,3→1→2→4,1
analytic_single,506,5–<10%,0.0,0.05,3→1→2→4,1
analytic_single,506,5–<10%,0.01,0.02,3→1→2→4,20
analytic_single,506,5–<10%,0.01,0.05,3→1→2→4,20
analytic_single,506,5–<10%,0.05,0.02,3→1→2→4,9
analytic_single,506,5–<10%,0.05,0.05,3→1→2→4,14
analytic_single,531,1–<5%,0.0,0.02,2→3→1→4,1
analytic_single,531,1–<5%,0.0,0.05,2→3→1→4,1
analytic_single,531,1–<5%,0.01,0.02,2→3→1→4,20
analytic_single,531,1–<5%,0.01,0.05,2→3→1→4,20
analytic_single,531,1–<5%,0.05,0.02,2→3→1→4,9
analytic_single,531,1–<5%,0.05,0.05,2→3→1→4,19
analytic_single,532,1–<5%,0.0,0.02,3→2→4→1,1
analytic_single,532,1–<5%,0.0,0.05,3→2→4→1,1
analytic_single,532,1–<5%,0.01,0.02,3→2→4→1,20
analytic_single,532,1–<5%,0.01,0.05,3→2→4→1,20
analytic_single,532,1–<5%,0.05,0.02,3→2→4→1,10
analytic_single,532,1–<5%,0.05,0.05,3→2→4→1,18
analytic_single,536,5–<10%,0.0,0.02,3→2→1→4,1
analytic_single,536,5–<10%,0.0,0.05,3→2→1→4,1
analytic_single,536,5–<10%,0.01,0.02,3→2→1→4,20
analytic_single,536,5–<10%,0.01,0.05,3→2→1→4,20
analytic_single,536,5–<10%,0.05,0.02,3→2→1→4,13
analytic_single,536,5–<10%,0.05,0.05,3→2→1→4,20
analytic_single,547,5–<10%,0.0,0.02,1→3→2→4,1
analytic_single,547,5–<10%,0.0,0.05,1→3→2→4,1
analytic_single,547,5–<10%,0.01,0.02,1→3→2→4,20
analytic_single,547,5–<10%,0.01,0.05,1→3→2→4,20
analytic_single,547,5–<10%,0.05,0.05,1→3→2→4,20
analytic_single,547,5–<10%,0.05,0.02,1→3→2→4,9
analytic_single,564,≥10%,0.0,0.02,1→2→4→3,1
analytic_single,564,≥10%,0.0,0.05,1→2→4→3,1
analytic_single,564,≥10%,0.01,0.02,1→2→4→3,20
analytic_single,564,≥10%,0.01,0.05,1→2→4→3,20
analytic_single,564,≥10%,0.05,0.05,1→2→4→3,20
analytic_single,564,≥10%,0.05,0.02,1→2→4→3,10
analytic_single,573,1–<5%,0.0,0.02,4→1→3→2,1
analytic_single,573,1–<5%,0.0,0.05,4→1→3→2,1
analytic_single,573,1–<5%,0.01,0.02,4→1→3→2,20
analytic_single,573,1–<5%,0.01,0.05,4→1→3→2,20
analytic_single,573,1–<5%,0.05,0.02,4→1→3→2,10
analytic_single,573,1–<5%,0.05,0.05,4→1→3→2,20
analytic_single,575,5–<10%,0.0,0.02,4→2→1→3,1
analytic_single,575,5–<10%,0.0,0.05,4→2→1→3,1
analytic_single,575,5–<10%,0.01,0.02,4→2→1→3,20
analytic_single,575,5–<10%,0.01,0.05,4→2→1→3,20
analytic_single,575,5–<10%,0.05,0.02,4→2→1→3,11
analytic_single,575,5–<10%,0.05,0.05,4→2→1→3,20
analytic_single,579,<1%,0.0,0.02,4→3→1→2,1
analytic_single,579,<1%,0.0,0.05,4→3→1→2,1
analytic_single,579,<1%,0.01,0.02,4→3→1→2,20
analytic_single,579,<1%,0.01,0.05,4→3→1→2,20
analytic_single,579,<1%,0.05,0.02,4→3→1→2,11
analytic_single,579,<1%,0.05,0.05,4→3→1→2,19
analytic_single,591,≥10%,0.0,0.02,3→2→4→1,1
analytic_single,591,≥10%,0.0,0.05,3→2→4→1,1
analytic_single,591,≥10%,0.01,0.02,3→2→4→1,20
analytic_single,591,≥10%,0.01,0.05,3→2→4→1,20
analytic_single,591,≥10%,0.05,0.02,3→2→4→1,7
analytic_single,591,≥10%,0.05,0.05,3→2→4→1,19
analytic_single,601,5–<10%,0.0,0.02,1→4→3→2,1
analytic_single,601,5–<10%,0.0,0.05,1→4→3→2,1
analytic_single,601,5–<10%,0.01,0.02,1→4→3→2,20
analytic_single,601,5–<10%,0.01,0.05,1→4→3→2,20
analytic_single,601,5–<10%,0.05,0.05,1→4→3→2,19
analytic_single,601,5–<10%,0.05,0.02,1→4→3→2,10
analytic_single,606,<1%,0.0,0.02,4→3→1→2,1
analytic_single,606,<1%,0.0,0.05,4→3→1→2,1
analytic_single,606,<1%,0.01,0.02,4→3→1→2,20
analytic_single,606,<1%,0.01,0.05,4→3→1→2,20
analytic_single,606,<1%,0.05,0.05,4→3→1→2,19
analytic_single,606,<1%,0.05,0.02,4→3→1→2,14
analytic_single,607,1–<5%,0.0,0.02,1→2→4→3,1
analytic_single,607,1–<5%,0.0,0.05,1→2→4→3,1
analytic_single,607,1–<5%,0.01,0.02,1→2→4→3,20
analytic_single,607,1–<5%,0.01,0.05,1→2→4→3,20
analytic_single,607,1–<5%,0.05,0.02,1→2→4→3,11
analytic_single,607,1–<5%,0.05,0.05,1→2→4→3,20
analytic_single,641,≥10%,0.0,0.02,3→1→4→2,1
analytic_single,641,≥10%,0.0,0.05,3→1→4→2,1
analytic_single,641,≥10%,0.01,0.02,3→1→4→2,19
analytic_single,641,≥10%,0.01,0.05,3→1→4→2,20
analytic_single,641,≥10%,0.05,0.05,3→1→4→2,16
analytic_single,641,≥10%,0.05,0.02,3→1→4→2,6
analytic_single,647,<1%,0.0,0.02,2→3→1→4,1
analytic_single,647,<1%,0.0,0.05,2→3→1→4,1
analytic_single,647,<1%,0.01,0.02,2→3→1→4,20
analytic_single,647,<1%,0.01,0.05,2→3→1→4,20
analytic_single,647,<1%,0.05,0.05,2→3→1→4,16
analytic_single,647,<1%,0.05,0.02,2→3→1→4,6
analytic_single,648,5–<10%,0.0,0.02,3→2→1→4,1
analytic_single,648,5–<10%,0.0,0.05,3→2→1→4,1
analytic_single,648,5–<10%,0.01,0.02,3→2→1→4,20
analytic_single,648,5–<10%,0.01,0.05,3→2→1→4,20
analytic_single,648,5–<10%,0.05,0.05,3→2→1→4,20
analytic_single,648,5–<10%,0.05,0.02,3→2→1→4,11
analytic_single,660,<1%,0.0,0.02,2→1→3→4,1
analytic_single,660,<1%,0.0,0.05,2→1→3→4,1
analytic_single,660,<1%,0.01,0.02,2→1→3→4,20
analytic_single,660,<1%,0.01,0.05,2→1→3→4,20
analytic_single,660,<1%,0.05,0.02,2→1→3→4,11
analytic_single,660,<1%,0.05,0.05,2→1→3→4,18
analytic_single,690,<1%,0.0,0.02,3→2→1→4,1
analytic_single,690,<1%,0.0,0.05,3→2→1→4,1
analytic_single,690,<1%,0.01,0.02,3→2→1→4,20
analytic_single,690,<1%,0.01,0.05,3→2→1→4,20
analytic_single,690,<1%,0.05,0.05,3→2→1→4,19
analytic_single,690,<1%,0.05,0.02,3→2→1→4,10
analytic_single,710,<1%,0.0,0.02,2→1→4→3,1
analytic_single,710,<1%,0.0,0.05,2→1→4→3,1
analytic_single,710,<1%,0.01,0.02,2→1→4→3,20
analytic_single,710,<1%,0.01,0.05,2→1→4→3,20
analytic_single,710,<1%,0.05,0.05,2→1→4→3,19
analytic_single,710,<1%,0.05,0.02,2→1→4→3,8
analytic_single,712,5–<10%,0.0,0.02,3→2→4→1,1
analytic_single,712,5–<10%,0.0,0.05,3→2→4→1,1
analytic_single,712,5–<10%,0.01,0.02,3→2→4→1,20
analytic_single,712,5–<10%,0.01,0.05,3→2→4→1,20
analytic_single,712,5–<10%,0.05,0.05,3→2→4→1,19
analytic_single,712,5–<10%,0.05,0.02,3→2→4→1,11
analytic_single,722,<1%,0.0,0.02,3→1→4→2,1
analytic_single,722,<1%,0.0,0.05,3→1→4→2,1
analytic_single,722,<1%,0.01,0.02,3→1→4→2,20
analytic_single,722,<1%,0.01,0.05,3→1→4→2,20
analytic_single,722,<1%,0.05,0.05,3→1→4→2,19
analytic_single,722,<1%,0.05,0.02,3→1→4→2,8
analytic_single,731,<1%,0.0,0.02,2→1→3→4,1
analytic_single,731,<1%,0.0,0.05,2→1→3→4,1
analytic_single,731,<1%,0.01,0.02,2→1→3→4,20
analytic_single,731,<1%,0.01,0.05,2→1→3→4,20
analytic_single,731,<1%,0.05,0.02,2→1→3→4,12
analytic_single,731,<1%,0.05,0.05,2→1→3→4,18
analytic_single,749,<1%,0.0,0.02,2→4→1→3,1
analytic_single,749,<1%,0.0,0.05,2→4→1→3,1
analytic_single,749,<1%,0.01,0.02,2→4→1→3,20
analytic_single,749,<1%,0.01,0.05,2→4→1→3,20
analytic_single,749,<1%,0.05,0.02,2→4→1→3,11
analytic_single,749,<1%,0.05,0.05,2→4→1→3,20
analytic_single,776,5–<10%,0.0,0.02,2→4→3→1,1
analytic_single,776,5–<10%,0.0,0.05,2→4→3→1,1
analytic_single,776,5–<10%,0.01,0.02,2→4→3→1,20
analytic_single,776,5–<10%,0.01,0.05,2→4→3→1,20
analytic_single,776,5–<10%,0.05,0.05,2→4→3→1,18
analytic_single,776,5–<10%,0.05,0.02,2→4→3→1,5
analytic_single,777,1–<5%,0.0,0.02,2→1→3→4,1
analytic_single,777,1–<5%,0.0,0.05,2→1→3→4,1
analytic_single,777,1–<5%,0.01,0.02,2→1→3→4,20
analytic_single,777,1–<5%,0.01,0.05,2→1→3→4,20
analytic_single,777,1–<5%,0.05,0.02,2→1→3→4,17
analytic_single,777,1–<5%,0.05,0.05,2→1→3→4,20
analytic_single,784,5–<10%,0.0,0.02,4→3→1→2,1
analytic_single,784,5–<10%,0.0,0.05,4→3→1→2,1
analytic_single,784,5–<10%,0.01,0.02,4→3→1→2,20
analytic_single,784,5–<10%,0.01,0.05,4→3→1→2,20
analytic_single,784,5–<10%,0.05,0.02,4→3→1→2,15
analytic_single,784,5–<10%,0.05,0.05,4→3→1→2,20
analytic_single,789,5–<10%,0.0,0.02,3→1→2→4,1
analytic_single,789,5–<10%,0.0,0.05,3→1→2→4,1
analytic_single,789,5–<10%,0.01,0.02,3→1→2→4,20
analytic_single,789,5–<10%,0.01,0.05,3→1→2→4,20
analytic_single,789,5–<10%,0.05,0.02,3→1→2→4,12
analytic_single,789,5–<10%,0.05,0.05,3→1→2→4,20
analytic_single,792,5–<10%,0.0,0.02,1→4→2→3,1
analytic_single,792,5–<10%,0.0,0.05,1→4→2→3,1
analytic_single,792,5–<10%,0.01,0.02,1→4→2→3,20
analytic_single,792,5–<10%,0.01,0.05,1→4→2→3,20
analytic_single,792,5–<10%,0.05,0.02,1→4→2→3,7
analytic_single,792,5–<10%,0.05,0.05,1→4→2→3,17
analytic_single,797,1–<5%,0.0,0.02,2→1→3→4,1
analytic_single,797,1–<5%,0.0,0.05,2→1→3→4,1
analytic_single,797,1–<5%,0.01,0.02,2→1→3→4,20
analytic_single,797,1–<5%,0.01,0.05,2→1→3→4,20
analytic_single,797,1–<5%,0.05,0.02,2→1→3→4,11
analytic_single,797,1–<5%,0.05,0.05,2→1→3→4,19
analytic_single,804,≥10%,0.0,0.02,2→3→1→4,1
analytic_single,804,≥10%,0.0,0.05,2→3→1→4,1
analytic_single,804,≥10%,0.01,0.02,2→3→1→4,20
analytic_single,804,≥10%,0.01,0.05,2→3→1→4,20
analytic_single,804,≥10%,0.05,0.02,2→3→1→4,11
analytic_single,804,≥10%,0.05,0.05,2→3→1→4,20
analytic_single,815,<1%,0.0,0.02,3→2→1→4,1
analytic_single,815,<1%,0.0,0.05,3→2→1→4,1
analytic_single,815,<1%,0.01,0.02,3→2→1→4,20
analytic_single,815,<1%,0.01,0.05,3→2→1→4,20
analytic_single,815,<1%,0.05,0.02,3→2→1→4,14
analytic_single,815,<1%,0.05,0.05,3→2→1→4,20
analytic_single,820,<1%,0.0,0.02,3→1→4→2,1
analytic_single,820,<1%,0.0,0.05,3→1→4→2,1
analytic_single,820,<1%,0.01,0.02,3→1→4→2,20
analytic_single,820,<1%,0.01,0.05,3→1→4→2,20
analytic_single,820,<1%,0.05,0.02,3→1→4→2,10
analytic_single,820,<1%,0.05,0.05,3→1→4→2,20
analytic_single,822,5–<10%,0.0,0.02,2→1→4→3,1
analytic_single,822,5–<10%,0.0,0.05,2→1→4→3,1
analytic_single,822,5–<10%,0.01,0.02,2→1→4→3,20
analytic_single,822,5–<10%,0.01,0.05,2→1→4→3,20
analytic_single,822,5–<10%,0.05,0.05,2→1→4→3,20
analytic_single,822,5–<10%,0.05,0.02,2→1→4→3,11
analytic_single,841,≥10%,0.0,0.02,2→4→3→1,1
analytic_single,841,≥10%,0.0,0.05,2→4→3→1,1
analytic_single,841,≥10%,0.01,0.02,2→4→3→1,20
analytic_single,841,≥10%,0.01,0.05,2→4→3→1,20
analytic_single,841,≥10%,0.05,0.02,2→4→3→1,10
analytic_single,841,≥10%,0.05,0.05,2→4→3→1,19
analytic_single,851,1–<5%,0.0,0.02,4→2→1→3,1
analytic_single,851,1–<5%,0.0,0.05,4→2→1→3,1
analytic_single,851,1–<5%,0.01,0.02,4→2→1→3,20
analytic_single,851,1–<5%,0.01,0.05,4→2→1→3,20
analytic_single,851,1–<5%,0.05,0.02,4→2→1→3,12
analytic_single,851,1–<5%,0.05,0.05,4→2→1→3,19
analytic_single,870,≥10%,0.0,0.02,4→2→3→1,1
analytic_single,870,≥10%,0.0,0.05,4→2→3→1,1
analytic_single,870,≥10%,0.01,0.02,4→2→3→1,20
analytic_single,870,≥10%,0.01,0.05,4→2→3→1,20
analytic_single,870,≥10%,0.05,0.05,4→2→3→1,20
analytic_single,870,≥10%,0.05,0.02,4→2→3→1,13
analytic_single,877,5–<10%,0.0,0.02,1→2→3→4,1
analytic_single,877,5–<10%,0.0,0.05,1→2→3→4,1
analytic_single,877,5–<10%,0.01,0.02,1→2→3→4,20
analytic_single,877,5–<10%,0.01,0.05,1→2→3→4,20
analytic_single,877,5–<10%,0.05,0.05,1→2→3→4,18
analytic_single,877,5–<10%,0.05,0.02,1→2→3→4,7
analytic_single,884,≥10%,0.0,0.02,4→3→1→2,1
analytic_single,884,≥10%,0.0,0.05,4→3→1→2,1
analytic_single,884,≥10%,0.01,0.02,4→3→1→2,20
analytic_single,884,≥10%,0.01,0.05,4→3→1→2,20
analytic_single,884,≥10%,0.05,0.05,4→3→1→2,17
analytic_single,884,≥10%,0.05,0.02,4→3→1→2,8
analytic_single,887,<1%,0.0,0.02,2→3→1→4,1
analytic_single,887,<1%,0.0,0.05,2→3→1→4,1
analytic_single,887,<1%,0.01,0.02,2→3→1→4,20
analytic_single,887,<1%,0.01,0.05,2→3→1→4,20
analytic_single,887,<1%,0.05,0.05,2→3→1→4,19
analytic_single,887,<1%,0.05,0.02,2→3→1→4,3
analytic_single,888,5–<10%,0.0,0.02,3→1→4→2,1
analytic_single,888,5–<10%,0.0,0.05,3→1→4→2,1
analytic_single,888,5–<10%,0.01,0.02,3→1→4→2,20
analytic_single,888,5–<10%,0.01,0.05,3→1→4→2,20
analytic_single,888,5–<10%,0.05,0.05,3→1→4→2,19
analytic_single,888,5–<10%,0.05,0.02,3→1→4→2,12
analytic_single,896,≥10%,0.0,0.02,3→4→1→2,1
analytic_single,896,≥10%,0.0,0.05,3→4→1→2,1
analytic_single,896,≥10%,0.01,0.02,3→4→1→2,20
analytic_single,896,≥10%,0.01,0.05,3→4→1→2,20
analytic_single,896,≥10%,0.05,0.05,3→4→1→2,17
analytic_single,896,≥10%,0.05,0.02,3→4→1→2,8
analytic_single,899,≥10%,0.0,0.02,4→1→3→2,1
analytic_single,899,≥10%,0.0,0.05,4→1→3→2,1
analytic_single,899,≥10%,0.01,0.02,4→1→3→2,20
analytic_single,899,≥10%,0.01,0.05,4→1→3→2,20
analytic_single,899,≥10%,0.05,0.02,4→1→3→2,6
analytic_single,899,≥10%,0.05,0.05,4→1→3→2,15
analytic_single,904,5–<10%,0.0,0.02,2→4→1→3,1
analytic_single,904,5–<10%,0.0,0.05,2→4→1→3,1
analytic_single,904,5–<10%,0.01,0.02,2→4→1→3,19
analytic_single,904,5–<10%,0.01,0.05,2→4→1→3,20
analytic_single,904,5–<10%,0.05,0.05,2→4→1→3,13
analytic_single,904,5–<10%,0.05,0.02,2→4→1→3,6
analytic_single,912,1–<5%,0.0,0.02,2→3→1→4,1
analytic_single,912,1–<5%,0.0,0.05,2→3→1→4,1
analytic_single,912,1–<5%,0.01,0.02,2→3→1→4,20
analytic_single,912,1–<5%,0.01,0.05,2→3→1→4,20
analytic_single,912,1–<5%,0.05,0.05,2→3→1→4,19
analytic_single,912,1–<5%,0.05,0.02,2→3→1→4,7
analytic_single,930,1–<5%,0.0,0.02,4→2→3→1,1
analytic_single,930,1–<5%,0.0,0.05,4→2→3→1,1
analytic_single,930,1–<5%,0.01,0.02,4→2→3→1,20
analytic_single,930,1–<5%,0.01,0.05,4→2→3→1,20
analytic_single,930,1–<5%,0.05,0.05,4→2→3→1,16
analytic_single,930,1–<5%,0.05,0.02,4→2→3→1,6
analytic_single,931,1–<5%,0.0,0.02,1→4→2→3,1
analytic_single,931,1–<5%,0.0,0.05,1→4→2→3,1
analytic_single,931,1–<5%,0.01,0.02,1→4→2→3,20
analytic_single,931,1–<5%,0.01,0.05,1→4→2→3,20
analytic_single,931,1–<5%,0.05,0.02,1→4→2→3,8
analytic_single,931,1–<5%,0.05,0.05,1→4→2→3,18
analytic_single,938,≥10%,0.0,0.02,1→3→2→4,1
analytic_single,938,≥10%,0.0,0.05,1→3→2→4,1
analytic_single,938,≥10%,0.01,0.02,1→3→2→4,20
analytic_single,938,≥10%,0.01,0.05,1→3→2→4,20
analytic_single,938,≥10%,0.05,0.05,1→3→2→4,20
analytic_single,938,≥10%,0.05,0.02,1→3→2→4,12
analytic_single,939,1–<5%,0.0,0.02,3→2→1→4,1
analytic_single,939,1–<5%,0.0,0.05,3→2→1→4,1
analytic_single,939,1–<5%,0.01,0.02,3→2→1→4,20
analytic_single,939,1–<5%,0.01,0.05,3→2→1→4,20
analytic_single,939,1–<5%,0.05,0.02,3→2→1→4,11
analytic_single,939,1–<5%,0.05,0.05,3→2→1→4,18
analytic_single,944,1–<5%,0.0,0.02,4→2→1→3,1
analytic_single,944,1–<5%,0.0,0.05,4→2→1→3,1
analytic_single,944,1–<5%,0.01,0.02,4→2→1→3,20
analytic_single,944,1–<5%,0.01,0.05,4→2→1→3,20
analytic_single,944,1–<5%,0.05,0.05,4→2→1→3,19
analytic_single,944,1–<5%,0.05,0.02,4→2→1→3,8
analytic_single,946,5–<10%,0.0,0.02,2→1→3→4,1
analytic_single,946,5–<10%,0.0,0.05,2→1→3→4,1
analytic_single,946,5–<10%,0.01,0.02,2→1→3→4,20
analytic_single,946,5–<10%,0.01,0.05,2→1→3→4,20
analytic_single,946,5–<10%,0.05,0.05,2→1→3→4,20
analytic_single,946,5–<10%,0.05,0.02,2→1→3→4,19
analytic_single,950,1–<5%,0.0,0.02,4→2→3→1,1
analytic_single,950,1–<5%,0.0,0.05,4→2→3→1,1
analytic_single,950,1–<5%,0.01,0.02,4→2→3→1,20
analytic_single,950,1–<5%,0.01,0.05,4→2→3→1,20
analytic_single,950,1–<5%,0.05,0.05,4→2→3→1,17
analytic_single,950,1–<5%,0.05,0.02,4→2→3→1,2
analytic_single,954,<1%,0.0,0.02,1→4→2→3,1
analytic_single,954,<1%,0.0,0.05,1→4→2→3,1
analytic_single,954,<1%,0.01,0.02,1→4→2→3,20
analytic_single,954,<1%,0.01,0.05,1→4→2→3,20
analytic_single,954,<1%,0.05,0.02,1→4→2→3,15
analytic_single,954,<1%,0.05,0.05,1→4→2→3,19
analytic_single,967,≥10%,0.0,0.02,3→4→1→2,1
analytic_single,967,≥10%,0.0,0.05,3→4→1→2,1
analytic_single,967,≥10%,0.01,0.02,3→4→1→2,20
analytic_single,967,≥10%,0.01,0.05,3→4→1→2,20
analytic_single,967,≥10%,0.05,0.02,3→4→1→2,13
analytic_single,967,≥10%,0.05,0.05,3→4→1→2,20
analytic_single,982,1–<5%,0.0,0.02,3→1→4→2,1
analytic_single,982,1–<5%,0.0,0.05,3→1→4→2,1
analytic_single,982,1–<5%,0.01,0.02,3→1→4→2,20
analytic_single,982,1–<5%,0.01,0.05,3→1→4→2,20
analytic_single,982,1–<5%,0.05,0.05,3→1→4→2,18
analytic_single,982,1–<5%,0.05,0.02,3→1→4→2,5
analytic_single,993,<1%,0.0,0.02,1→4→2→3,1
analytic_single,993,<1%,0.0,0.05,1→4→2→3,1
analytic_single,993,<1%,0.01,0.02,1→4→2→3,20
analytic_single,993,<1%,0.01,0.05,1→4→2→3,20
analytic_single,993,<1%,0.05,0.02,1→4→2→3,13
analytic_single,993,<1%,0.05,0.05,1→4→2→3,18
analytic_multi,3,≥10%,0.0,0.02,2→1→4→3,1
analytic_multi,3,≥10%,0.0,0.05,2→1→4→3,1
analytic_multi,3,≥10%,0.01,0.02,2→1→4→3,20
analytic_multi,3,≥10%,0.01,0.05,2→1→4→3,20
analytic_multi,3,≥10%,0.05,0.02,2→1→4→3,14
analytic_multi,3,≥10%,0.05,0.05,2→1→4→3,20
analytic_multi,8,5–<10%,0.0,0.02,4→2→3→1,1
analytic_multi,8,5–<10%,0.0,0.05,4→2→3→1,1
analytic_multi,8,5–<10%,0.01,0.02,4→2→3→1,20
analytic_multi,8,5–<10%,0.01,0.05,4→2→3→1,20
analytic_multi,8,5–<10%,0.05,0.05,4→2→3→1,20
analytic_multi,8,5–<10%,0.05,0.02,4→2→3→1,13
analytic_multi,15,≥10%,0.0,0.02,1→3→4→2,1
analytic_multi,15,≥10%,0.0,0.05,1→3→4→2,1
analytic_multi,15,≥10%,0.01,0.02,1→3→4→2,20
analytic_multi,15,≥10%,0.01,0.05,1→3→4→2,20
analytic_multi,15,≥10%,0.05,0.02,1→3→4→2,6
analytic_multi,15,≥10%,0.05,0.05,1→3→4→2,17
analytic_multi,28,≥10%,0.0,0.02,4→3→2→1,1
analytic_multi,28,≥10%,0.0,0.05,4→3→2→1,1
analytic_multi,28,≥10%,0.01,0.02,4→3→2→1,20
analytic_multi,28,≥10%,0.01,0.05,4→3→2→1,20
analytic_multi,28,≥10%,0.05,0.02,4→3→2→1,13
analytic_multi,28,≥10%,0.05,0.05,4→3→2→1,18
analytic_multi,40,5–<10%,0.0,0.02,4→2→3→1,1
analytic_multi,40,5–<10%,0.0,0.05,4→2→3→1,1
analytic_multi,40,5–<10%,0.01,0.02,4→2→3→1,20
analytic_multi,40,5–<10%,0.01,0.05,4→2→3→1,20
analytic_multi,40,5–<10%,0.05,0.02,4→2→3→1,10
analytic_multi,40,5–<10%,0.05,0.05,4→2→3→1,17
analytic_multi,45,≥10%,0.0,0.02,4→2→1→3,1
analytic_multi,45,≥10%,0.0,0.05,4→2→1→3,1
analytic_multi,45,≥10%,0.01,0.02,4→2→1→3,20
analytic_multi,45,≥10%,0.01,0.05,4→2→1→3,20
analytic_multi,45,≥10%,0.05,0.05,4→2→1→3,18
analytic_multi,45,≥10%,0.05,0.02,4→2→1→3,5
analytic_multi,47,5–<10%,0.0,0.02,4→2→3→1,1
analytic_multi,47,5–<10%,0.0,0.05,4→2→3→1,1
analytic_multi,47,5–<10%,0.01,0.02,4→2→3→1,20
analytic_multi,47,5–<10%,0.01,0.05,4→2→3→1,20
analytic_multi,47,5–<10%,0.05,0.02,4→2→3→1,10
analytic_multi,47,5–<10%,0.05,0.05,4→2→3→1,18
analytic_multi,80,≥10%,0.0,0.02,3→4→2→1,1
analytic_multi,80,≥10%,0.0,0.05,3→4→2→1,1
analytic_multi,80,≥10%,0.01,0.02,3→4→2→1,20
analytic_multi,80,≥10%,0.01,0.05,3→4→2→1,20
analytic_multi,80,≥10%,0.05,0.05,3→4→2→1,20
analytic_multi,80,≥10%,0.05,0.02,3→4→2→1,11
analytic_multi,83,≥10%,0.0,0.02,4→3→1→2,1
analytic_multi,83,≥10%,0.0,0.05,4→3→1→2,1
analytic_multi,83,≥10%,0.01,0.02,4→3→1→2,20
analytic_multi,83,≥10%,0.01,0.05,4→3→1→2,20
analytic_multi,83,≥10%,0.05,0.05,4→3→1→2,19
analytic_multi,83,≥10%,0.05,0.02,4→3→1→2,7
analytic_multi,86,≥10%,0.0,0.02,2→3→4→1,1
analytic_multi,86,≥10%,0.0,0.05,2→3→4→1,1
analytic_multi,86,≥10%,0.01,0.02,2→3→4→1,20
analytic_multi,86,≥10%,0.01,0.05,2→3→4→1,20
analytic_multi,86,≥10%,0.05,0.02,2→3→4→1,16
analytic_multi,86,≥10%,0.05,0.05,2→3→4→1,20
analytic_multi,101,<1%,0.01,0.05,1→3→4→2,8
analytic_multi,101,<1%,0.01,0.05,2→1→3→4,11
analytic_multi,101,<1%,0.01,0.02,2→1→3→4,4
analytic_multi,101,<1%,0.01,0.02,1→3→4→2,3
analytic_multi,101,<1%,0.05,0.02,1→3→4→2,5
analytic_multi,101,<1%,0.05,0.05,1→3→4→2,8
analytic_multi,101,<1%,0.05,0.02,2→1→3→4,6
analytic_multi,101,<1%,0.05,0.05,2→1→3→4,11
analytic_multi,154,≥10%,0.0,0.02,3→1→4→2,1
analytic_multi,154,≥10%,0.0,0.05,3→1→4→2,1
analytic_multi,154,≥10%,0.01,0.02,3→1→4→2,20
analytic_multi,154,≥10%,0.01,0.05,3→1→4→2,20
analytic_multi,154,≥10%,0.05,0.05,3→1→4→2,17
analytic_multi,154,≥10%,0.05,0.02,3→1→4→2,5
analytic_multi,165,1–<5%,0.0,0.02,3→4→1→2,1
analytic_multi,165,1–<5%,0.0,0.05,3→4→1→2,1
analytic_multi,165,1–<5%,0.01,0.05,3→4→1→2,19
analytic_multi,165,1–<5%,0.01,0.02,3→4→1→2,11
analytic_multi,165,1–<5%,0.05,0.05,3→4→1→2,4
analytic_multi,185,<1%,0.0,0.05,3→2→4→1,1
analytic_multi,185,<1%,0.01,0.05,3→2→4→1,14
analytic_multi,185,<1%,0.01,0.02,3→2→4→1,4
analytic_multi,185,<1%,0.05,0.05,3→2→4→1,3
analytic_multi,236,≥10%,0.0,0.02,2→4→1→3,1
analytic_multi,236,≥10%,0.0,0.05,2→4→1→3,1
analytic_multi,236,≥10%,0.01,0.02,2→4→1→3,20
analytic_multi,236,≥10%,0.01,0.05,2→4→1→3,20
analytic_multi,236,≥10%,0.05,0.02,2→4→1→3,7
analytic_multi,236,≥10%,0.05,0.05,2→4→1→3,18
analytic_multi,246,≥10%,0.0,0.02,3→2→1→4,1
analytic_multi,246,≥10%,0.0,0.05,3→2→1→4,1
analytic_multi,246,≥10%,0.01,0.02,3→2→1→4,20
analytic_multi,246,≥10%,0.01,0.05,3→2→1→4,20
analytic_multi,246,≥10%,0.05,0.05,3→2→1→4,20
analytic_multi,246,≥10%,0.05,0.02,3→2→1→4,12
analytic_multi,248,≥10%,0.0,0.02,3→1→2→4,1
analytic_multi,248,≥10%,0.0,0.05,3→1→2→4,1
analytic_multi,248,≥10%,0.01,0.02,3→1→2→4,20
analytic_multi,248,≥10%,0.01,0.05,3→1→2→4,20
analytic_multi,248,≥10%,0.05,0.05,3→1→2→4,19
analytic_multi,248,≥10%,0.05,0.02,3→1→2→4,13
analytic_multi,250,≥10%,0.0,0.02,1→3→2→4,1
analytic_multi,250,≥10%,0.0,0.05,1→3→2→4,1
analytic_multi,250,≥10%,0.01,0.02,1→3→2→4,20
analytic_multi,250,≥10%,0.01,0.05,1→3→2→4,20
analytic_multi,250,≥10%,0.05,0.02,1→3→2→4,11
analytic_multi,250,≥10%,0.05,0.05,1→3→2→4,19
analytic_multi,281,1–<5%,0.0,0.05,4→2→1→3,1
analytic_multi,281,1–<5%,0.01,0.02,4→3→2→1,4
analytic_multi,281,1–<5%,0.01,0.05,4→3→2→1,7
analytic_multi,281,1–<5%,0.01,0.05,4→2→1→3,13
analytic_multi,281,1–<5%,0.01,0.02,4→2→1→3,4
analytic_multi,281,1–<5%,0.05,0.05,4→2→1→3,13
analytic_multi,281,1–<5%,0.05,0.02,4→3→2→1,2
analytic_multi,281,1–<5%,0.05,0.05,4→3→2→1,5
analytic_multi,281,1–<5%,0.05,0.02,4→2→1→3,5
analytic_multi,312,1–<5%,0.01,0.05,3→1→4→2,6
analytic_multi,312,1–<5%,0.01,0.05,1→4→3→2,7
analytic_multi,312,1–<5%,0.05,0.05,1→4→3→2,9
analytic_multi,312,1–<5%,0.05,0.05,3→1→4→2,8
analytic_multi,312,1–<5%,0.05,0.02,1→4→3→2,5
analytic_multi,312,1–<5%,0.05,0.02,3→1→4→2,2
analytic_multi,322,≥10%,0.0,0.02,4→3→1→2,1
analytic_multi,322,≥10%,0.0,0.05,4→3→1→2,1
analytic_multi,322,≥10%,0.01,0.02,4→3→1→2,20
analytic_multi,322,≥10%,0.01,0.05,4→3→1→2,20
analytic_multi,322,≥10%,0.05,0.05,4→3→1→2,18
analytic_multi,322,≥10%,0.05,0.02,4→3→1→2,6
analytic_multi,353,5–<10%,0.0,0.02,3→1→4→2,1
analytic_multi,353,5–<10%,0.0,0.05,3→1→4→2,1
analytic_multi,353,5–<10%,0.01,0.02,3→1→4→2,20
analytic_multi,353,5–<10%,0.01,0.05,3→1→4→2,20
analytic_multi,353,5–<10%,0.05,0.02,3→1→4→2,15
analytic_multi,353,5–<10%,0.05,0.05,3→1→4→2,20
analytic_multi,364,5–<10%,0.0,0.02,4→1→3→2,1
analytic_multi,364,5–<10%,0.0,0.05,4→1→3→2,1
analytic_multi,364,5–<10%,0.01,0.02,4→1→3→2,20
analytic_multi,364,5–<10%,0.01,0.05,4→1→3→2,20
analytic_multi,364,5–<10%,0.05,0.02,4→1→3→2,8
analytic_multi,364,5–<10%,0.05,0.05,4→1→3→2,20
analytic_multi,391,1–<5%,0.05,0.05,2→3→4→1,5
analytic_multi,391,1–<5%,0.05,0.02,2→3→4→1,3
analytic_multi,434,5–<10%,0.0,0.02,1→2→4→3,1
analytic_multi,434,5–<10%,0.0,0.05,1→2→4→3,1
analytic_multi,434,5–<10%,0.01,0.02,1→2→4→3,20
analytic_multi,434,5–<10%,0.01,0.05,1→2→4→3,20
analytic_multi,434,5–<10%,0.05,0.02,1→2→4→3,8
analytic_multi,434,5–<10%,0.05,0.05,1→2→4→3,17
analytic_multi,448,5–<10%,0.0,0.02,1→2→3→4,1
analytic_multi,448,5–<10%,0.0,0.05,1→2→3→4,1
analytic_multi,448,5–<10%,0.01,0.02,1→2→3→4,20
analytic_multi,448,5–<10%,0.01,0.05,1→2→3→4,20
analytic_multi,448,5–<10%,0.05,0.05,1→2→3→4,15
analytic_multi,448,5–<10%,0.05,0.02,1→2→3→4,3
analytic_multi,450,5–<10%,0.0,0.02,1→4→2→3,1
analytic_multi,450,5–<10%,0.0,0.05,1→4→2→3,1
analytic_multi,450,5–<10%,0.01,0.02,1→4→2→3,20
analytic_multi,450,5–<10%,0.01,0.05,1→4→2→3,20
analytic_multi,450,5–<10%,0.05,0.02,1→4→2→3,9
analytic_multi,450,5–<10%,0.05,0.05,1→4→2→3,18
analytic_multi,456,≥10%,0.0,0.02,1→3→4→2,1
analytic_multi,456,≥10%,0.0,0.05,1→3→4→2,1
analytic_multi,456,≥10%,0.01,0.02,1→3→4→2,20
analytic_multi,456,≥10%,0.01,0.05,1→3→4→2,20
analytic_multi,456,≥10%,0.05,0.05,1→3→4→2,19
analytic_multi,456,≥10%,0.05,0.02,1→3→4→2,11
analytic_multi,492,5–<10%,0.0,0.02,4→2→1→3,1
analytic_multi,492,5–<10%,0.0,0.05,4→2→1→3,1
analytic_multi,492,5–<10%,0.01,0.02,4→2→1→3,20
analytic_multi,492,5–<10%,0.01,0.05,4→2→1→3,20
analytic_multi,492,5–<10%,0.05,0.02,4→2→1→3,10
analytic_multi,492,5–<10%,0.05,0.05,4→2→1→3,20
analytic_multi,506,5–<10%,0.0,0.02,3→1→2→4,1
analytic_multi,506,5–<10%,0.0,0.05,3→1→2→4,1
analytic_multi,506,5–<10%,0.01,0.02,3→1→2→4,20
analytic_multi,506,5–<10%,0.01,0.05,3→1→2→4,20
analytic_multi,506,5–<10%,0.05,0.02,3→1→2→4,9
analytic_multi,506,5–<10%,0.05,0.05,3→1→2→4,14
analytic_multi,532,1–<5%,0.01,0.05,3→2→4→1,8
analytic_multi,532,1–<5%,0.05,0.05,3→2→4→1,1
analytic_multi,536,5–<10%,0.0,0.02,3→2→1→4,1
analytic_multi,536,5–<10%,0.0,0.05,3→2→1→4,1
analytic_multi,536,5–<10%,0.01,0.02,3→2→1→4,20
analytic_multi,536,5–<10%,0.01,0.05,3→2→1→4,20
analytic_multi,536,5–<10%,0.05,0.02,3→2→1→4,13
analytic_multi,536,5–<10%,0.05,0.05,3→2→1→4,20
analytic_multi,547,5–<10%,0.0,0.02,1→3→2→4,1
analytic_multi,547,5–<10%,0.0,0.05,1→3→2→4,1
analytic_multi,547,5–<10%,0.01,0.02,1→3→2→4,20
analytic_multi,547,5–<10%,0.01,0.05,1→3→2→4,20
analytic_multi,547,5–<10%,0.05,0.05,1→3→2→4,20
analytic_multi,547,5–<10%,0.05,0.02,1→3→2→4,9
analytic_multi,564,≥10%,0.0,0.02,1→2→4→3,1
analytic_multi,564,≥10%,0.0,0.05,1→2→4→3,1
analytic_multi,564,≥10%,0.01,0.02,1→2→4→3,20
analytic_multi,564,≥10%,0.01,0.05,1→2→4→3,20
analytic_multi,564,≥10%,0.05,0.05,1→2→4→3,20
analytic_multi,564,≥10%,0.05,0.02,1→2→4→3,10
analytic_multi,575,5–<10%,0.0,0.02,4→2→1→3,1
analytic_multi,575,5–<10%,0.0,0.05,4→2→1→3,1
analytic_multi,575,5–<10%,0.01,0.02,4→2→1→3,20
analytic_multi,575,5–<10%,0.01,0.05,4→2→1→3,20
analytic_multi,575,5–<10%,0.05,0.02,4→2→1→3,11
analytic_multi,575,5–<10%,0.05,0.05,4→2→1→3,20
analytic_multi,579,<1%,0.01,0.05,4→3→1→2,7
analytic_multi,579,<1%,0.01,0.05,2→4→3→1,13
analytic_multi,579,<1%,0.01,0.02,2→4→3→1,6
analytic_multi,579,<1%,0.01,0.02,4→3→1→2,4
analytic_multi,579,<1%,0.05,0.02,4→3→1→2,5
analytic_multi,579,<1%,0.05,0.05,4→3→1→2,7
analytic_multi,579,<1%,0.05,0.05,2→4→3→1,13
analytic_multi,579,<1%,0.05,0.02,2→4→3→1,10
analytic_multi,591,≥10%,0.0,0.02,3→2→4→1,1
analytic_multi,591,≥10%,0.0,0.05,3→2→4→1,1
analytic_multi,591,≥10%,0.01,0.02,3→2→4→1,20
analytic_multi,591,≥10%,0.01,0.05,3→2→4→1,20
analytic_multi,591,≥10%,0.05,0.02,3→2→4→1,7
analytic_multi,591,≥10%,0.05,0.05,3→2→4→1,19
analytic_multi,601,5–<10%,0.0,0.02,1→4→3→2,1
analytic_multi,601,5–<10%,0.0,0.05,1→4→3→2,1
analytic_multi,601,5–<10%,0.01,0.02,1→4→3→2,20
analytic_multi,601,5–<10%,0.01,0.05,1→4→3→2,20
analytic_multi,601,5–<10%,0.05,0.05,1→4→3→2,19
analytic_multi,601,5–<10%,0.05,0.02,1→4→3→2,10
analytic_multi,641,≥10%,0.0,0.02,3→1→4→2,1
analytic_multi,641,≥10%,0.0,0.05,3→1→4→2,1
analytic_multi,641,≥10%,0.01,0.02,3→1→4→2,19
analytic_multi,641,≥10%,0.01,0.05,3→1→4→2,20
analytic_multi,641,≥10%,0.05,0.05,3→1→4→2,16
analytic_multi,641,≥10%,0.05,0.02,3→1→4→2,6
analytic_multi,647,<1%,0.01,0.05,2→4→3→1,2
analytic_multi,647,<1%,0.05,0.05,2→4→3→1,2
analytic_multi,648,5–<10%,0.0,0.02,3→2→1→4,1
analytic_multi,648,5–<10%,0.0,0.05,3→2→1→4,1
analytic_multi,648,5–<10%,0.01,0.02,3→2→1→4,20
analytic_multi,648,5–<10%,0.01,0.05,3→2→1→4,20
analytic_multi,648,5–<10%,0.05,0.05,3→2→1→4,20
analytic_multi,648,5–<10%,0.05,0.02,3→2→1→4,11
analytic_multi,660,<1%,0.05,0.02,3→4→2→1,2
analytic_multi,660,<1%,0.05,0.05,3→4→2→1,5
analytic_multi,710,<1%,0.05,0.05,4→2→1→3,9
analytic_multi,710,<1%,0.05,0.02,4→2→1→3,5
analytic_multi,712,5–<10%,0.0,0.02,3→2→4→1,1
analytic_multi,712,5–<10%,0.0,0.05,3→2→4→1,1
analytic_multi,712,5–<10%,0.01,0.02,3→2→4→1,20
analytic_multi,712,5–<10%,0.01,0.05,3→2→4→1,20
analytic_multi,712,5–<10%,0.05,0.05,3→2→4→1,19
analytic_multi,712,5–<10%,0.05,0.02,3→2→4→1,11
analytic_multi,722,<1%,0.0,0.05,1→4→2→3,1
analytic_multi,722,<1%,0.01,0.05,1→4→2→3,19
analytic_multi,722,<1%,0.05,0.05,1→4→2→3,5
analytic_multi,722,<1%,0.05,0.05,3→1→4→2,8
analytic_multi,722,<1%,0.05,0.02,3→1→4→2,5
analytic_multi,776,5–<10%,0.0,0.02,2→4→3→1,1
analytic_multi,776,5–<10%,0.0,0.05,2→4→3→1,1
analytic_multi,776,5–<10%,0.01,0.02,2→4→3→1,20
analytic_multi,776,5–<10%,0.01,0.05,2→4→3→1,20
analytic_multi,776,5–<10%,0.05,0.05,2→4→3→1,18
analytic_multi,776,5–<10%,0.05,0.02,2→4→3→1,5
analytic_multi,784,5–<10%,0.0,0.02,4→3→1→2,1
analytic_multi,784,5–<10%,0.0,0.05,4→3→1→2,1
analytic_multi,784,5–<10%,0.01,0.02,4→3→1→2,20
analytic_multi,784,5–<10%,0.01,0.05,4→3→1→2,20
analytic_multi,784,5–<10%,0.05,0.02,4→3→1→2,15
analytic_multi,784,5–<10%,0.05,0.05,4→3→1→2,20
analytic_multi,789,5–<10%,0.0,0.02,3→1→2→4,1
analytic_multi,789,5–<10%,0.0,0.05,3→1→2→4,1
analytic_multi,789,5–<10%,0.01,0.02,3→1→2→4,20
analytic_multi,789,5–<10%,0.01,0.05,3→1→2→4,20
analytic_multi,789,5–<10%,0.05,0.02,3→1→2→4,12
analytic_multi,789,5–<10%,0.05,0.05,3→1→2→4,20
analytic_multi,792,5–<10%,0.0,0.02,1→4→2→3,1
analytic_multi,792,5–<10%,0.0,0.05,1→4→2→3,1
analytic_multi,792,5–<10%,0.01,0.02,1→4→2→3,20
analytic_multi,792,5–<10%,0.01,0.05,1→4→2→3,20
analytic_multi,792,5–<10%,0.05,0.02,1→4→2→3,7
analytic_multi,792,5–<10%,0.05,0.05,1→4→2→3,17
analytic_multi,797,1–<5%,0.01,0.05,2→1→3→4,9
analytic_multi,797,1–<5%,0.01,0.02,2→1→3→4,2
analytic_multi,797,1–<5%,0.01,0.05,1→3→4→2,11
analytic_multi,797,1–<5%,0.01,0.02,1→3→4→2,4
analytic_multi,797,1–<5%,0.05,0.05,2→1→3→4,9
analytic_multi,797,1–<5%,0.05,0.02,2→1→3→4,7
analytic_multi,797,1–<5%,0.05,0.05,1→3→4→2,8
analytic_multi,797,1–<5%,0.05,0.02,1→3→4→2,3
analytic_multi,804,≥10%,0.0,0.02,2→3→1→4,1
analytic_multi,804,≥10%,0.0,0.05,2→3→1→4,1
analytic_multi,804,≥10%,0.01,0.02,2→3→1→4,20
analytic_multi,804,≥10%,0.01,0.05,2→3→1→4,20
analytic_multi,804,≥10%,0.05,0.02,2→3→1→4,11
analytic_multi,804,≥10%,0.05,0.05,2→3→1→4,20
analytic_multi,822,5–<10%,0.0,0.02,2→1→4→3,1
analytic_multi,822,5–<10%,0.0,0.05,2→1→4→3,1
analytic_multi,822,5–<10%,0.01,0.02,2→1→4→3,20
analytic_multi,822,5–<10%,0.01,0.05,2→1→4→3,20
analytic_multi,822,5–<10%,0.05,0.05,2→1→4→3,20
analytic_multi,822,5–<10%,0.05,0.02,2→1→4→3,11
analytic_multi,841,≥10%,0.0,0.02,2→4→3→1,1
analytic_multi,841,≥10%,0.0,0.05,2→4→3→1,1
analytic_multi,841,≥10%,0.01,0.02,2→4→3→1,20
analytic_multi,841,≥10%,0.01,0.05,2→4→3→1,20
analytic_multi,841,≥10%,0.05,0.02,2→4→3→1,10
analytic_multi,841,≥10%,0.05,0.05,2→4→3→1,19
analytic_multi,870,≥10%,0.0,0.02,4→2→3→1,1
analytic_multi,870,≥10%,0.0,0.05,4→2→3→1,1
analytic_multi,870,≥10%,0.01,0.02,4→2→3→1,20
analytic_multi,870,≥10%,0.01,0.05,4→2→3→1,20
analytic_multi,870,≥10%,0.05,0.05,4→2→3→1,20
analytic_multi,870,≥10%,0.05,0.02,4→2→3→1,13
analytic_multi,877,5–<10%,0.0,0.02,1→2→3→4,1
analytic_multi,877,5–<10%,0.0,0.05,1→2→3→4,1
analytic_multi,877,5–<10%,0.01,0.02,1→2→3→4,20
analytic_multi,877,5–<10%,0.01,0.05,1→2→3→4,20
analytic_multi,877,5–<10%,0.05,0.05,1→2→3→4,18
analytic_multi,877,5–<10%,0.05,0.02,1→2→3→4,7
analytic_multi,884,≥10%,0.0,0.02,4→3→1→2,1
analytic_multi,884,≥10%,0.0,0.05,4→3→1→2,1
analytic_multi,884,≥10%,0.01,0.02,4→3→1→2,20
analytic_multi,884,≥10%,0.01,0.05,4→3→1→2,20
analytic_multi,884,≥10%,0.05,0.05,4→3→1→2,17
analytic_multi,884,≥10%,0.05,0.02,4→3→1→2,8
analytic_multi,888,5–<10%,0.0,0.02,3→1→4→2,1
analytic_multi,888,5–<10%,0.0,0.05,3→1→4→2,1
analytic_multi,888,5–<10%,0.01,0.02,3→1→4→2,20
analytic_multi,888,5–<10%,0.01,0.05,3→1→4→2,20
analytic_multi,888,5–<10%,0.05,0.05,3→1→4→2,19
analytic_multi,888,5–<10%,0.05,0.02,3→1→4→2,12
analytic_multi,896,≥10%,0.0,0.02,3→4→1→2,1
analytic_multi,896,≥10%,0.0,0.05,3→4→1→2,1
analytic_multi,896,≥10%,0.01,0.02,3→4→1→2,20
analytic_multi,896,≥10%,0.01,0.05,3→4→1→2,20
analytic_multi,896,≥10%,0.05,0.05,3→4→1→2,17
analytic_multi,896,≥10%,0.05,0.02,3→4→1→2,8
analytic_multi,899,≥10%,0.0,0.02,4→1→3→2,1
analytic_multi,899,≥10%,0.0,0.05,4→1→3→2,1
analytic_multi,899,≥10%,0.01,0.02,4→1→3→2,20
analytic_multi,899,≥10%,0.01,0.05,4→1→3→2,20
analytic_multi,899,≥10%,0.05,0.02,4→1→3→2,6
analytic_multi,899,≥10%,0.05,0.05,4→1→3→2,15
analytic_multi,904,5–<10%,0.0,0.02,2→4→1→3,1
analytic_multi,904,5–<10%,0.0,0.05,2→4→1→3,1
analytic_multi,904,5–<10%,0.01,0.02,2→4→1→3,19
analytic_multi,904,5–<10%,0.01,0.05,2→4→1→3,20
analytic_multi,904,5–<10%,0.05,0.05,2→4→1→3,13
analytic_multi,904,5–<10%,0.05,0.02,2→4→1→3,6
analytic_multi,912,1–<5%,0.05,0.05,1→2→3→4,1
analytic_multi,931,1–<5%,0.01,0.05,1→4→2→3,6
analytic_multi,931,1–<5%,0.01,0.02,2→3→4→1,3
analytic_multi,931,1–<5%,0.01,0.05,2→3→4→1,13
analytic_multi,931,1–<5%,0.05,0.02,1→4→2→3,3
analytic_multi,931,1–<5%,0.05,0.05,1→4→2→3,6
analytic_multi,931,1–<5%,0.05,0.05,2→3→4→1,12
analytic_multi,931,1–<5%,0.05,0.02,2→3→4→1,8
analytic_multi,938,≥10%,0.0,0.02,1→3→2→4,1
analytic_multi,938,≥10%,0.0,0.05,1→3→2→4,1
analytic_multi,938,≥10%,0.01,0.02,1→3→2→4,20
analytic_multi,938,≥10%,0.01,0.05,1→3→2→4,20
analytic_multi,938,≥10%,0.05,0.05,1→3→2→4,20
analytic_multi,938,≥10%,0.05,0.02,1→3→2→4,12
analytic_multi,944,1–<5%,0.01,0.02,4→2→1→3,2
analytic_multi,944,1–<5%,0.01,0.05,4→2→1→3,2
analytic_multi,944,1–<5%,0.05,0.05,4→2→1→3,5
analytic_multi,944,1–<5%,0.05,0.02,4→2→1→3,2
analytic_multi,946,5–<10%,0.0,0.02,2→1→3→4,1
analytic_multi,946,5–<10%,0.0,0.05,2→1→3→4,1
analytic_multi,946,5–<10%,0.01,0.02,2→1→3→4,20
analytic_multi,946,5–<10%,0.01,0.05,2→1→3→4,20
analytic_multi,946,5–<10%,0.05,0.05,2→1→3→4,20
analytic_multi,946,5–<10%,0.05,0.02,2→1→3→4,19
analytic_multi,967,≥10%,0.0,0.02,3→4→1→2,1
analytic_multi,967,≥10%,0.0,0.05,3→4→1→2,1
analytic_multi,967,≥10%,0.01,0.02,3→4→1→2,20
analytic_multi,967,≥10%,0.01,0.05,3→4→1→2,20
analytic_multi,967,≥10%,0.05,0.02,3→4→1→2,13
analytic_multi,967,≥10%,0.05,0.05,3→4→1→2,20
