budget,case,tolerance,gap_bin,n_seeds,success_mean_percent,success_sd_pp,mean_visited,success_mean_length_ratio,success_order_following_percent
1000,baseline,0.02,ALL,1,43.2,,2.995,0.9983078193264319,
1000,baseline,0.02,<1%,1,2.5423728813559325,,1.9406779661016949,1.006612490455436,
1000,baseline,0.02,1-<5%,1,22.153846153846153,,2.563076923076923,0.9939593421538859,
1000,baseline,0.02,5-<10%,1,53.63984674329502,,3.2796934865900385,0.9985003797793518,
1000,baseline,0.02,>=10%,1,73.3108108108108,,3.6385135135135136,0.9995115883569734,
1000,baseline,0.05,ALL,1,70.8,,3.6,0.9923445021889822,
1000,baseline,0.05,<1%,1,16.101694915254235,,2.7796610169491527,0.9712960841183768,
1000,baseline,0.05,1-<5%,1,53.230769230769226,,3.356923076923077,0.9821128609197404,
1000,baseline,0.05,5-<10%,1,86.97318007662835,,3.8505747126436782,0.9932465471277672,
1000,baseline,0.05,>=10%,1,97.63513513513513,,3.972972972972973,0.9991446048942282,
1000,oracle_order,0.02,ALL,1,88.5,,3.851,0.9938987691367626,100.0
1000,oracle_order,0.02,<1%,1,77.96610169491525,,3.694915254237288,0.9898957131651275,100.0
1000,oracle_order,0.02,1-<5%,1,83.6923076923077,,3.7815384615384615,0.9923891302777297,100.0
1000,oracle_order,0.02,5-<10%,1,91.57088122605363,,3.9042145593869733,0.9942423198034516,100.0
1000,oracle_order,0.02,>=10%,1,95.27027027027027,,3.9425675675675675,0.9963696709442398,100.0
1000,oracle_order,0.05,ALL,1,99.0,,3.989,0.9925728344964447,100.0
1000,oracle_order,0.05,<1%,1,96.61016949152543,,3.9661016949152543,0.9868883901914307,100.0
1000,oracle_order,0.05,1-<5%,1,98.15384615384616,,3.9784615384615383,0.9904777827999931,100.0
1000,oracle_order,0.05,5-<10%,1,100.0,,4.0,0.9933331770833871,100.0
1000,oracle_order,0.05,>=10%,1,100.0,,4.0,0.9963495193841059,100.0
1000,predicted_order,0.02,ALL,1,89.0,,3.857,0.9941932494870132,100.0
1000,predicted_order,0.02,<1%,1,83.05084745762711,,3.7796610169491527,0.9909435427746645,100.0
1000,predicted_order,0.02,1-<5%,1,83.6923076923077,,3.7815384615384615,0.9931106787272126,100.0
1000,predicted_order,0.02,5-<10%,1,91.18773946360153,,3.888888888888889,0.9941898026531387,100.0
1000,predicted_order,0.02,>=10%,1,95.27027027027027,,3.9425675675675675,0.9963696709442398,100.0
1000,predicted_order,0.05,ALL,1,99.2,,3.99,0.9930204146322509,100.0
1000,predicted_order,0.05,<1%,1,99.15254237288136,,3.9915254237288136,0.988647519805206,100.0
1000,predicted_order,0.05,1-<5%,1,97.84615384615385,,3.9723076923076923,0.9914767715193371,100.0
1000,predicted_order,0.05,5-<10%,1,100.0,,4.0,0.9930859019813763,100.0
1000,predicted_order,0.05,>=10%,1,100.0,,4.0,0.9963495193841059,100.0
