budget,seed,tolerance,gap_bin,comparison,n_layouts,rescued,regressed,both_success,both_failure,delta_success_pp,common_success_length_ratio_delta,common_success_completion_ratio_delta
1000,0,0.02,ALL,oracle_order minus baseline,1000,465,12,420,103,45.300000000000004,-0.0020305029937049196,-0.0024003242940015927
1000,0,0.02,<1%,oracle_order minus baseline,118,90,1,2,25,75.42372881355932,-0.011238344581494863,-0.01714331921776374
1000,0,0.02,1-<5%,oracle_order minus baseline,325,202,2,70,51,61.53846153846153,0.0027327968240850485,0.002014695256008024
1000,0,0.02,5-<10%,oracle_order minus baseline,261,102,3,137,19,37.93103448275862,-0.0032733904493511302,-0.0037145114355596537
1000,0,0.02,>=10%,oracle_order minus baseline,296,71,6,211,8,21.959459459459463,-0.002716473243212915,-0.002871991309450382
1000,0,0.05,ALL,oracle_order minus baseline,1000,282,0,708,10,28.200000000000003,0.0022172504440162253,0.0013564992890067102
1000,0,0.05,<1%,oracle_order minus baseline,118,95,0,19,4,80.50847457627118,0.02124149824783481,0.016949460212157198
1000,0,0.05,1-<5%,oracle_order minus baseline,325,146,0,173,6,44.923076923076934,0.011026968181872236,0.009309372730249515
1000,0,0.05,5-<10%,oracle_order minus baseline,261,34,0,227,0,13.026819923371647,0.0007510789149427576,-0.00017069163914440856
1000,0,0.05,>=10%,oracle_order minus baseline,296,7,0,289,0,2.3648648648648685,-0.0031554863719767345,-0.0032298018258187593
1000,0,0.02,ALL,predicted_order minus baseline,1000,470,12,420,98,45.800000000000004,-0.001998636586555279,-0.002349301531304993
1000,0,0.02,<1%,predicted_order minus baseline,118,95,0,3,20,80.50847457627118,-0.00538983976760421,-0.008675825352262264
1000,0,0.02,1-<5%,predicted_order minus baseline,325,202,2,70,51,61.53846153846153,0.003136986314541322,0.0024683174719678735
1000,0,0.02,5-<10%,predicted_order minus baseline,261,102,4,136,19,37.54789272030652,-0.0034534634908115584,-0.003878464881139932
1000,0,0.02,>=10%,predicted_order minus baseline,296,71,6,211,8,21.959459459459463,-0.002716473243212915,-0.002871991309450382
1000,0,0.05,ALL,predicted_order minus baseline,1000,284,0,708,8,28.400000000000002,0.0021828883078693385,0.0013725099447082197
1000,0,0.05,<1%,predicted_order minus baseline,118,98,0,19,1,83.05084745762711,0.023161095645768796,0.019905967166062247
1000,0,0.05,1-<5%,predicted_order minus baseline,325,145,0,173,7,44.61538461538462,0.011048575457433655,0.009252519406224886
1000,0,0.05,5-<10%,predicted_order minus baseline,261,34,0,227,0,13.026819923371647,0.00046676701351162437,-0.0003248875106477843
1000,0,0.05,>=10%,predicted_order minus baseline,296,7,0,289,0,2.3648648648648685,-0.0031554863719767345,-0.0032298018258187593
1000,0,0.02,ALL,predicted_order minus oracle_order,1000,13,8,877,102,0.5000000000000004,0.00022174442486435386,0.0002595493693951854
1000,0,0.02,<1%,predicted_order minus oracle_order,118,9,3,89,17,5.0847457627118615,0.0016482240588558885,0.0017601855135706836
1000,0,0.02,1-<5%,predicted_order minus oracle_order,325,4,4,268,49,0.0,0.00017827581853680687,0.00026480703825293564
1000,0,0.02,5-<10%,predicted_order minus oracle_order,261,0,1,238,22,-0.3831417624520994,0.0,0.0
1000,0,0.02,>=10%,predicted_order minus oracle_order,296,0,0,282,14,0.0,0.0,0.0
1000,0,0.05,ALL,predicted_order minus oracle_order,1000,3,1,989,7,0.20000000000000018,0.00045755497835087817,0.0005775625985411661
1000,0,0.05,<1%,predicted_order minus oracle_order,118,3,0,114,1,2.5423728813559365,0.002035363364923662,0.002726045764959408
1000,0,0.05,1-<5%,predicted_order minus oracle_order,325,0,1,318,6,-0.3076923076923088,0.0008963184012974474,0.0009290649546638586
1000,0,0.05,5-<10%,predicted_order minus oracle_order,261,0,0,261,0,0.0,-0.00024727510201098563,-0.00013410905299335744
1000,0,0.05,>=10%,predicted_order minus oracle_order,296,0,0,296,0,0.0,0.0,0.0
