budget,seed,case,tolerance,gap_bin,n_layouts,n_success,success_percent,mean_visited,numeric_failure_count,success_mean_length_ratio,success_mean_completion_length_ratio,planned_mean_excess_percent,planned_nearopt_percent,n_success_order_evaluable,success_order_following_percent,n_plan_order_observable,complete_and_followed_percent_on_observable
1000,0,baseline,0.02,ALL,1000,432,43.2,2.995,0,0.9983078193264319,0.9829647931517237,,,0,,0,
1000,0,baseline,0.02,<1%,118,3,2.5423728813559325,1.9406779661016949,0,1.006612490455436,0.9924978160329596,,,0,,0,
1000,0,baseline,0.02,1-<5%,325,72,22.153846153846153,2.563076923076923,0,0.9939593421538859,0.9803011705822521,,,0,,0,
1000,0,baseline,0.02,5-<10%,261,140,53.63984674329502,3.2796934865900385,0,0.9985003797793518,0.9840286345700034,,,0,,0,
1000,0,baseline,0.02,>=10%,296,217,73.3108108108108,3.6385135135135136,0,0.9995115883569734,0.9830304335102448,,,0,,0,
1000,0,baseline,0.05,ALL,1000,708,70.8,3.6,0,0.9923445021889822,0.9534348902156528,,,0,,0,
1000,0,baseline,0.05,<1%,118,19,16.101694915254235,2.7796610169491527,0,0.9712960841183768,0.934345184041439,,,0,,0,
1000,0,baseline,0.05,1-<5%,325,173,53.230769230769226,3.356923076923077,0,0.9821128609197404,0.9476755989014377,,,0,,0,
1000,0,baseline,0.05,5-<10%,261,227,86.97318007662835,3.8505747126436782,0,0.9932465471277672,0.9552019782106014,,,0,,0,
1000,0,baseline,0.05,>=10%,296,289,97.63513513513513,3.972972972972973,0,0.9991446048942282,0.956749536720206,,,0,,0,
1000,0,oracle_order,0.02,ALL,1000,885,88.5,3.851,0,0.9938987691367626,0.9789047614975122,0.0,100.0,885,100.0,1000,88.5
1000,0,oracle_order,0.02,<1%,118,92,77.96610169491525,3.694915254237288,0,0.9898957131651275,0.9751243129881422,0.0,100.0,92,100.0,118,77.96610169491525
1000,0,oracle_order,0.02,1-<5%,325,272,83.6923076923077,3.7815384615384615,0,0.9923891302777297,0.9791395848373408,0.0,100.0,272,100.0,325,83.6923076923077
1000,0,oracle_order,0.02,5-<10%,261,239,91.57088122605363,3.9042145593869733,0,0.9942423198034516,0.9793834005645817,0.0,100.0,239,100.0,261,91.57088122605364
1000,0,oracle_order,0.02,>=10%,296,282,95.27027027027027,3.9425675675675675,0,0.9963696709442398,0.9795059479421896,0.0,100.0,282,100.0,296,95.27027027027027
1000,0,oracle_order,0.05,ALL,1000,990,99.0,3.989,0,0.9925728344964447,0.9539055124022594,0.0,100.0,990,100.0,1000,99.0
1000,0,oracle_order,0.05,<1%,118,114,96.61016949152543,3.9661016949152543,0,0.9868883901914307,0.9484026510779638,0.0,100.0,114,100.0,118,96.61016949152543
1000,0,oracle_order,0.05,1-<5%,325,319,98.15384615384616,3.9784615384615383,0,0.9904777827999931,0.9552893313791749,0.0,100.0,319,100.0,325,98.15384615384616
1000,0,oracle_order,0.05,5-<10%,261,261,100.0,4.0,0,0.9933331770833871,0.9546186065341982,0.0,100.0,261,100.0,261,100.0
1000,0,oracle_order,0.05,>=10%,296,296,100.0,4.0,0,0.9963495193841059,0.9539047366215083,0.0,100.0,296,100.0,296,100.0
1000,0,predicted_order,0.02,ALL,1000,890,89.0,3.857,0,0.9941932494870132,0.9793016123958129,0.06688124814249806,99.8,890,100.0,1000,89.0
1000,0,predicted_order,0.02,<1%,118,98,83.05084745762711,3.7796610169491527,0,0.9909435427746645,0.9768547374961356,0.16944693678638276,100.0,98,100.0,118,83.05084745762711
1000,0,predicted_order,0.02,1-<5%,325,272,83.6923076923077,3.7815384615384615,0,0.9931106787272126,0.9799081155103241,0.12467572548281387,99.6923076923077,272,100.0,325,83.6923076923077
1000,0,predicted_order,0.02,5-<10%,261,238,91.18773946360153,3.888888888888889,0,0.9941898026531387,0.97937389083675,0.02439424835168736,99.61685823754789,238,100.0,261,91.18773946360153
1000,0,predicted_order,0.02,>=10%,296,282,95.27027027027027,3.9425675675675675,0,0.9963696709442398,0.9795059479421896,0.0,100.0,282,100.0,296,95.27027027027027
1000,0,predicted_order,0.05,ALL,1000,992,99.2,3.99,0,0.9930204146322509,0.9545024709495649,0.06688124814249806,99.8,991,100.0,999,99.1991991991992
1000,0,predicted_order,0.05,<1%,118,117,99.15254237288136,3.9915254237288136,0,0.988647519805206,0.9510614184589059,0.16944693678638276,100.0,117,100.0,118,99.15254237288136
1000,0,predicted_order,0.05,1-<5%,325,318,97.84615384615385,3.9723076923076923,0,0.9914767715193371,0.9563396520116835,0.12467572548281387,99.6923076923077,318,100.0,325,97.84615384615384
1000,0,predicted_order,0.05,5-<10%,261,261,100.0,4.0,0,0.9930859019813763,0.9544844974812048,0.02439424835168736,99.61685823754789,260,100.0,260,100.0
1000,0,predicted_order,0.05,>=10%,296,296,100.0,4.0,0,0.9963495193841059,0.9539047366215083,0.0,100.0,296,100.0,296,100.0
