split,chunk,gap_bin,n_seeds,mean_success_percent,seed_sd_success_percent,mean_nearopt_order_success_percent,seed_sd_nearopt_order_success_percent,mean_optimal_order_success_percent,seed_sd_optimal_order_success_percent,mean_mean_visited,seed_sd_mean_visited
test,1,1-<5%,1,94.46254071661238,nan,93.48534201954396,nan,79.47882736156352,nan,3.8990228013029316,nan
test,1,5-<10%,1,97.1830985915493,nan,92.25352112676056,nan,92.25352112676056,nan,3.936619718309859,nan
test,1,<1%,1,93.75,nan,93.75,nan,51.041666666666664,nan,3.875,nan
test,1,>=10%,1,99.68051118210862,nan,98.08306709265176,nan,98.08306709265176,nan,3.9968051118210863,nan
test,1,ALL,1,96.8,nan,94.6,nan,86.2,nan,3.938,nan
test,4,1-<5%,1,99.0228013029316,nan,98.69706840390879,nan,86.97068403908796,nan,3.960912052117264,nan
test,4,5-<10%,1,99.64788732394366,nan,98.59154929577466,nan,98.59154929577466,nan,3.9859154929577465,nan
test,4,<1%,1,100.0,nan,98.95833333333334,nan,59.375,nan,4.0,nan
test,4,>=10%,1,100.0,nan,100.0,nan,100.0,nan,4.0,nan
test,4,ALL,1,99.6,nan,99.1,nan,91.7,nan,3.984,nan
test,8,1-<5%,1,99.0228013029316,nan,99.0228013029316,nan,88.59934853420195,nan,3.96742671009772,nan
test,8,5-<10%,1,100.0,nan,98.94366197183099,nan,98.94366197183099,nan,4.0,nan
test,8,<1%,1,100.0,nan,100.0,nan,62.5,nan,4.0,nan
test,8,>=10%,1,100.0,nan,100.0,nan,100.0,nan,4.0,nan
test,8,ALL,1,99.7,nan,99.4,nan,92.60000000000001,nan,3.99,nan
test,14,1-<5%,1,99.3485342019544,nan,99.0228013029316,nan,85.34201954397395,nan,3.986970684039088,nan
test,14,5-<10%,1,100.0,nan,98.23943661971832,nan,98.23943661971832,nan,4.0,nan
test,14,<1%,1,100.0,nan,100.0,nan,62.5,nan,4.0,nan
test,14,>=10%,1,100.0,nan,100.0,nan,100.0,nan,4.0,nan
test,14,ALL,1,99.8,nan,99.2,nan,91.4,nan,3.996,nan
validation,1,1-<5%,1,93.53846153846153,nan,90.76923076923077,nan,74.76923076923076,nan,3.8676923076923075,nan
validation,1,5-<10%,1,96.55172413793103,nan,92.33716475095785,nan,92.33716475095785,nan,3.9272030651340994,nan
validation,1,<1%,1,92.37288135593221,nan,89.83050847457628,nan,61.016949152542374,nan,3.8559322033898304,nan
validation,1,>=10%,1,99.32432432432432,nan,97.97297297297297,nan,97.97297297297297,nan,3.9763513513513513,nan
validation,1,ALL,1,95.89999999999999,nan,93.2,nan,84.6,nan,3.914,nan
validation,4,1-<5%,1,99.38461538461539,nan,98.46153846153847,nan,87.38461538461539,nan,3.9846153846153847,nan
validation,4,5-<10%,1,100.0,nan,98.08429118773945,nan,98.08429118773945,nan,4.0,nan
validation,4,<1%,1,99.15254237288136,nan,99.15254237288136,nan,61.016949152542374,nan,3.9745762711864407,nan
validation,4,>=10%,1,100.0,nan,100.0,nan,100.0,nan,4.0,nan
validation,4,ALL,1,99.7,nan,98.9,nan,90.8,nan,3.992,nan
validation,8,1-<5%,1,99.6923076923077,nan,98.46153846153847,nan,87.07692307692308,nan,3.9907692307692306,nan
validation,8,5-<10%,1,100.0,nan,98.08429118773945,nan,98.08429118773945,nan,4.0,nan
validation,8,<1%,1,99.15254237288136,nan,98.30508474576271,nan,60.16949152542372,nan,3.983050847457627,nan
validation,8,>=10%,1,100.0,nan,100.0,nan,100.0,nan,4.0,nan
validation,8,ALL,1,99.8,nan,98.8,nan,90.60000000000001,nan,3.995,nan
validation,14,1-<5%,1,99.38461538461539,nan,98.15384615384616,nan,85.53846153846155,nan,3.9846153846153847,nan
validation,14,5-<10%,1,100.0,nan,97.70114942528735,nan,97.70114942528735,nan,4.0,nan
validation,14,<1%,1,99.15254237288136,nan,98.30508474576271,nan,61.016949152542374,nan,3.983050847457627,nan
validation,14,>=10%,1,100.0,nan,99.66216216216216,nan,99.66216216216216,nan,4.0,nan
validation,14,ALL,1,99.7,nan,98.5,nan,90.0,nan,3.993,nan
