seed,split,chunk,epoch,gap_bin,n_layouts,n_success,success_percent,mean_visited,optimal_order_success_percent,nearopt_order_success_percent,invalid_count,mean_actual_length_success,mean_length_to_center_optimal_success
0,validation,1,18925,ALL,1000,519,51.9,2.693,42.0,47.8,158,1.2969766494412434,1.0218185449246866
0,validation,1,18925,<1%,118,57,48.30508474576271,2.610169491525424,22.033898305084744,46.61016949152542,19,1.3178715789080824,1.0134321556658936
0,validation,1,18925,1-<5%,325,145,44.61538461538462,2.4615384615384617,31.692307692307693,40.61538461538461,61,1.4148683629869208,1.0551061613988555
0,validation,1,18925,5-<10%,261,133,50.95785440613027,2.6590038314176243,44.827586206896555,44.827586206896555,41,1.29805101627246,1.0161901627196928
0,validation,1,18925,>=10%,296,184,62.16216216216216,3.010135135135135,58.78378378378378,58.78378378378378,37,1.1968233873092604,1.0022527548826259
0,validation,4,18925,ALL,1000,917,91.7,3.723,72.3,81.89999999999999,0,1.3292146322946736,1.0207898513200582
0,validation,4,18925,<1%,118,103,87.28813559322035,3.6186440677966103,50.0,77.11864406779661,0,1.3770764433726808,1.0315683946139085
0,validation,4,18925,1-<5%,325,291,89.53846153846153,3.6553846153846155,61.23076923076923,80.92307692307692,0,1.4170510863637522,1.030882884408564
0,validation,4,18925,5-<10%,261,236,90.42145593869732,3.6666666666666665,75.86206896551724,75.86206896551724,0,1.3322777861083295,1.0220269040980696
0,validation,4,18925,>=10%,296,287,96.95945945945947,3.8885135135135136,90.2027027027027,90.2027027027027,0,1.2204582595589268,1.0056706630147185
0,validation,8,18925,ALL,1000,946,94.6,3.836,77.8,88.0,0,1.3156315337149374,1.0080079860956452
0,validation,8,18925,<1%,118,101,85.59322033898306,3.6271186440677967,47.45762711864407,77.96610169491525,0,1.3677216478975884,1.0224662570751606
0,validation,8,18925,1-<5%,325,305,93.84615384615384,3.8,69.53846153846153,89.84615384615384,0,1.393048308329235,1.0119453489687096
0,validation,8,18925,5-<10%,261,248,95.01915708812261,3.835249042145594,82.75862068965517,82.75862068965517,0,1.3237876419685002,1.0097764863736236
0,validation,8,18925,>=10%,296,292,98.64864864864865,3.9594594594594597,94.5945945945946,94.5945945945946,0,1.2098235452331143,0.997392338444432
0,validation,14,18925,ALL,1000,937,93.7,3.821,76.2,86.3,0,1.3226053293899476,1.0143604859840132
0,validation,14,18925,<1%,118,105,88.98305084745762,3.711864406779661,45.76271186440678,79.66101694915254,0,1.3988855572271972,1.0431372604040026
0,validation,14,18925,1-<5%,325,295,90.76923076923077,3.7446153846153845,66.46153846153847,85.23076923076923,0,1.3996004554345987,1.018871956745251
0,validation,14,18925,5-<10%,261,247,94.6360153256705,3.8314176245210727,81.99233716475096,81.99233716475096,0,1.332583243289922,1.0147754020794588
0,validation,14,18925,>=10%,296,290,97.97297297297297,3.939189189189189,93.91891891891892,93.91891891891892,0,1.2081655678748553,0.9989986602452577
0,test,1,18925,ALL,1000,558,55.800000000000004,2.752,43.3,50.1,149,1.2892108434749188,1.0232162139553351
0,test,1,18925,<1%,96,49,51.041666666666664,2.6145833333333335,22.916666666666664,50.0,15,1.4083899088615779,1.0206209084560487
0,test,1,18925,1-<5%,307,158,51.465798045602604,2.596091205211726,34.20195439739413,47.88273615635179,47,1.3486895216385009,1.0188605119001723
0,test,1,18925,5-<10%,284,145,51.056338028169016,2.6161971830985915,41.54929577464789,41.54929577464789,49,1.3034697035697236,1.0306453338946826
0,test,1,18925,>=10%,313,206,65.814696485623,3.070287539936102,60.063897763578275,60.063897763578275,38,1.205206280040264,1.0219450901833707
0,test,4,18925,ALL,1000,914,91.4,3.731,70.5,80.9,0,1.3065151435512499,1.0200746736580193
0,test,4,18925,<1%,96,81,84.375,3.5416666666666665,39.58333333333333,79.16666666666666,0,1.3960045149569569,1.0220082938186508
0,test,4,18925,1-<5%,307,268,87.29641693811075,3.6123778501628663,60.586319218241044,82.08469055374593,0,1.368540050713056,1.0165889769576946
0,test,4,18925,5-<10%,284,263,92.6056338028169,3.76056338028169,73.23943661971832,73.23943661971832,0,1.3176782443728434,1.0276256892096853
0,test,4,18925,>=10%,313,302,96.48562300319489,3.878594249201278,87.22044728434504,87.22044728434504,0,1.2177495484542116,1.0160734365473825
0,test,8,18925,ALL,1000,950,95.0,3.851,75.7,87.4,0,1.2984159407222786,1.007707874764543
0,test,8,18925,<1%,96,85,88.54166666666666,3.6666666666666665,37.5,84.375,0,1.4016143691390053,1.0228935303270037
0,test,8,18925,1-<5%,307,286,93.15960912052117,3.798045602605863,64.82084690553745,88.27361563517914,0,1.378474106776251,1.0182968095840028
0,test,8,18925,5-<10%,284,274,96.47887323943662,3.9049295774647885,81.33802816901408,81.33802816901408,0,1.2921370717175382,1.0071962148354743
0,test,8,18925,>=10%,313,305,97.44408945686901,3.9105431309904155,92.97124600638978,92.97124600638978,0,1.2002254758056916,0.9940061657133624
0,test,14,18925,ALL,1000,934,93.4,3.819,75.5,86.3,0,1.3004366807208994,1.0076451103235593
0,test,14,18925,<1%,96,80,83.33333333333334,3.5833333333333335,38.54166666666667,80.20833333333334,0,1.390413612627432,1.009458099927262
0,test,14,18925,1-<5%,307,283,92.18241042345277,3.788273615635179,65.47231270358306,87.62214983713355,0,1.3753366857604503,1.0138646851496056
0,test,14,18925,5-<10%,284,269,94.71830985915493,3.852112676056338,80.98591549295774,80.98591549295774,0,1.303354895581635,1.009833939219087
0,test,14,18925,>=10%,313,302,96.48562300319489,3.891373801916933,91.69329073482429,91.69329073482429,0,1.2038146417266824,0.9993869188766582
